event_date,latitude,longitude,country_name,landslide_size
2008-08-01 00:00:00,32.5625,107.45,China,large
2007-09-05 00:00:00,43.6846,-114.4194,United States,medium
2009-01-01 22:24:00,45.377,-122.0704,United States,small
2009-01-03 00:00:00,45.521,-122.67,United States,small
2009-01-07 01:41:00,35.507,-83.071,United States,small
2009-01-07 00:00:00,46.11,-122.893,United States,small
2009-01-07 00:00:00,47.432,-122.334,United States,small
2009-01-07 00:00:00,48.72,-122.2,United States,small
2009-01-08 01:00:00,47.538,-122.273,United States,small
2009-01-08 06:00:00,48.929,-122.037,United States,small
2009-01-13 08:50:00,47.7573,-122.2072,United States,small
2009-01-16 13:00:00,1.531,110.3442,Malaysia,medium
2009-01-19 23:00:00,-8.5073,116.662,Indonesia,medium
2009-02-06 00:00:00,34.162,-118.05,United States,small
2017-05-19 20:14:00,36.770029,-83.712126,,small
2011-07-21 00:00:00,29.7334,79.6367,India,medium
2007-03-19 00:00:00,33.8778,74.3333,India,medium
2013-07-21 00:00:00,10.335,123.8725,Philippines,medium
2017-05-30 13:34:00,16.77787239,120.9613282,,small
2011-07-21 00:00:00,30.4043,79.3318,India,medium
2017-07-03 18:04:00,27.83196401,84.54704621,,medium
2011-07-30 00:00:00,39.4274,-107.1291,United States,small
2011-07-30 00:00:00,39.4977,-107.2225,United States,small
2016-09-05 18:04:00,26.324724,94.514651,,large
2016-08-16 19:22:00,27.593,88.492,,large
2012-12-25 03:00:00,11.3169,-60.55,Trinidad and Tobago,medium
2017-07-04 14:33:00,21.61900923,91.92597729,,medium
2013-06-16 00:00:00,30.4954,78.3881,India,medium
2013-06-16 00:00:00,30.885,78.6695,India,medium
2013-06-16 00:00:00,29.7986,80.417,India,medium
2017-05-30 13:34:00,36.27009466,-85.97897289,,small
2016-09-05 18:04:00,26.092493,94.257523,,large
2013-07-17 00:00:00,25.7658,93.9413,India,medium
2013-07-17 00:00:00,25.7131,94.0885,India,medium
2013-07-21 00:00:00,10.329,123.888,Philippines,medium
2013-10-09 00:00:00,47.446,12.3966,Austria,medium
2015-05-17 00:00:00,32.5196,-117.0898,Mexico,medium
2016-09-06 18:52:00,28.145796,84.069015,,large
2016-09-02 18:04:00,27.513641,87.640957,,large
2016-09-04 18:04:00,28.377188,83.498645,,medium
2016-09-07 18:04:00,14.521881,-90.604924,,large
2016-09-06 18:04:00,6.60222,3.351692,,medium
2016-09-08 18:04:00,34.525881,71.398496,,small
2017-07-02 19:39:00,27.90362599,85.91050294,,small
2017-07-04 19:39:00,27.98531715,94.21263589,,medium
2017-07-04 19:39:00,27.97875751,94.26296826,,small
2016-09-08 18:04:00,10.283626,123.821113,,medium
2017-07-03 18:04:00,-44.675943,167.940244,,medium
2016-08-16 12:40:00,28.372874,83.567989,,small
2017-06-25 13:10:00,38.74738889,75.19605556,,medium
2017-06-19 20:14:00,6.622961187,3.381341033,,medium
2017-05-20 20:14:00,-0.58474,37.559988,,medium
2017-05-19 13:15:00,17.06998518,96.82040086,,medium
2017-05-16 13:15:00,44.3517732,-103.7798821,,small
2016-08-14 12:40:00,28.069957,85.01,,large
2017-05-29 13:34:00,45.08144863,41.98700247,,small
2017-06-01 13:34:00,47.67463292,-117.226052,,small
2017-06-05 13:34:00,34.27703802,75.46743478,,small
2017-05-27 13:34:00,16.28332586,80.26097734,,medium
2017-06-29 13:20:00,41.25565464,72.45209341,,medium
2017-05-28 13:34:00,24.89456743,121.7334279,,small
2016-08-09 13:37:00,27.6835,86.1804,,small
2017-06-10 13:27:00,17.1523721,-100.6903727,,medium
2017-05-12 13:28:00,40.48808507,-111.650935,,small
2017-06-01 13:34:00,11.34165808,76.8694278,,small
2017-06-21 18:51:00,32.62803,75.37123,,small
2017-06-24 13:10:00,29.71492436,98.92090376,,medium
2016-08-15 19:22:00,31.581485,78.412784,,small
2017-05-20 20:14:00,30.73315585,79.49231617,,large
2017-06-19 13:15:00,-34.06995509,18.36915952,,small
2017-06-12 13:27:00,13.90074546,74.66018578,,small
2016-08-18 12:40:00,39.978954,70.56256,,medium
2017-06-29 13:37:00,29.60012,80.630002,,medium
2017-06-13 13:27:00,0.744821843,120.5927163,,medium
2017-06-08 13:27:00,38.76361817,-120.3239812,,small
2017-05-28 13:34:00,9.94928114,118.8014459,,medium
2017-06-09 13:27:00,53.98572214,-119.1365358,,small
2017-05-23 20:14:00,27.63630585,110.7318885,,medium
2017-06-06 13:27:00,30.33597362,79.31958144,,small
2016-08-16 12:40:00,29.350849,79.451264,,medium
2017-06-11 13:27:00,14.42827957,74.41606625,,medium
2017-06-12 13:27:00,13.87803507,74.6246332,,small
2017-06-05 13:34:00,26.9653186,88.2667225,,medium
2017-06-21 13:15:00,33.01739981,74.93828041,,small
2017-06-12 13:27:00,22.59420297,92.16404889,,medium
2017-05-20 13:34:00,35.86562803,-121.4323838,,very_large
2016-08-16 12:40:00,42.683128,78.301945,,large
2017-05-19 20:14:00,48.51199102,-118.145399,,small
2017-06-21 18:51:00,32.94818322,75.12206351,,small
2017-01-03 14:34:00,20.66353189,-156.0424592,,small
2017-05-19 20:14:00,43.51364004,-108.1852766,,medium
2017-06-24 20:14:00,36.29586263,-81.743517,,small
2017-06-07 13:27:00,30.94222039,76.80054202,,medium
2017-05-24 20:14:00,16.36626096,120.6312641,,small
2017-06-12 13:27:00,12.89674168,74.85970453,,small
2017-05-25 18:48:00,3.013135465,101.7707724,,small
2017-06-30 13:20:00,33.01346369,74.93530189,,medium
2017-06-21 18:51:00,27.05880384,93.54136779,,small
2017-06-05 13:34:00,53.72832063,-1.959208202,,small
2017-06-19 13:10:00,51.97686189,-122.2792711,,large
2017-06-05 13:27:00,-9.632058442,160.1781839,,medium
2016-08-15 19:22:00,37.513392,111.145575,,small
2017-05-26 16:59:00,25.907233,91.881892,,small
2017-05-18 13:15:00,18.52049393,-74.19608968,,large
2017-01-10 14:27:00,-23.91300145,-65.46576609,,large
2017-06-12 13:27:00,22.59420297,92.16404889,,medium
2017-05-25 16:59:00,6.093508095,80.60687667,,medium
2017-06-10 13:27:00,23.73354779,92.74744512,,small
2017-06-12 13:27:00,13.90074546,74.66018578,,small
2017-05-17 13:15:00,41.60140744,72.67711817,,medium
2017-06-03 13:34:00,24.19467451,91.82931979,,medium
2017-05-21 20:14:00,35.14803123,-81.01035394,,small
2017-06-30 13:20:00,26.92110789,103.2768718,,medium
2017-05-28 13:34:00,24.59383609,121.418086,,medium
2017-05-19 20:14:00,50.868738,11.737339,,small
2017-06-10 13:27:00,-6.714382566,106.6185846,,small
2017-05-24 16:59:00,35.72457989,-83.50704109,,small
2017-05-18 20:14:00,4.193408,114.04228,,small
2017-06-18 13:15:00,44.76558796,-109.4327121,,small
2017-05-26 13:34:00,27.54295099,88.59676956,,medium
2017-06-29 13:20:00,34.78860948,73.51484236,,medium
2016-08-16 17:45:00,46.539613,12.132183,,very_large
2017-07-02 15:17:00,32.23843313,78.06239076,,small
2017-07-01 15:17:00,28.27909521,83.00633062,,medium
2016-08-24 17:45:00,22.33644964,103.8448574,,medium
2016-08-29 14:32:00,19.170539,73.022276,,small
2016-08-25 18:59:00,25.660517,94.104931,,small
2017-07-03 14:32:00,28.107142,84.307977,,large
2017-06-30 13:20:00,27.8077847,84.43754872,,small
2016-08-28 14:32:00,10.679445,-61.521836,,small
2017-06-28 13:20:00,39.39506856,68.54795417,,medium
2016-08-31 14:32:00,27.503555,85.219709,,small
2017-06-26 13:10:00,47.80539609,-117.5532998,,small
2016-08-25 18:59:00,-36.933713,174.57834,,small
2016-08-21 17:45:00,31.45206,78.401303,,small
2016-08-31 14:32:00,28.007828,86.191717,,large
2017-07-03 15:17:00,14.52203442,74.41035052,,medium
2017-06-29 13:20:00,33.18477201,75.80813836,,medium
2016-08-28 14:32:00,30.922325,78.681379,,small
2017-07-02 15:17:00,32.26186432,78.0685005,,small
2017-07-02 15:17:00,32.24637329,78.06616409,,small
2017-05-18 13:15:00,47.96243163,-122.2381187,,small
2017-05-24 20:14:00,27.769793,93.50995626,,small
2017-06-20 13:15:00,15.64525862,-91.43664048,,medium
2016-08-15 19:22:00,29.132062,81.811777,,small
2017-06-29 13:20:00,41.03212867,72.73033802,,large
2016-08-29 14:32:00,30.995694,78.936314,,medium
2016-09-02 18:04:00,27.767046,84.469745,,medium
2017-07-01 14:33:00,24.95178179,94.20340026,,small
2017-07-04 16:00:00,39.81020345,69.52794225,,medium
2016-09-03 18:04:00,50.71962,-1.797239,,small
2016-09-07 18:04:00,-6.589661,106.791206,,small
2016-09-07 18:04:00,22.225713,113.921806,,small
2016-08-06 13:37:00,28.239,82.9415,,small
2017-08-29 13:22:00,19.41286968,73.28423263,,medium
2017-08-29 13:45:00,59.44688356,-135.3213469,,medium
2015-10-21 00:00:00,15.3482,-92.2523,Mexico,medium
2014-09-01 00:00:00,7.7211,125.1335,Philippines,medium
2013-08-18 00:00:00,23.4946,111.2768,China,medium
2007-07-28 00:00:00,15.4014,73.8277,India,medium
2007-01-03 00:00:00,-10.3838,-75.4267,Peru,medium
2007-01-02 00:00:00,54.5494,-3.5875,United Kingdom,medium
2007-01-05 00:00:00,-22.0452,-42.6734,Brazil,medium
2007-01-05 00:00:00,-22.28234635,-42.53636205,Brazil,large
2015-02-15 00:00:00,49.3729,-117.6744,Canada,small
2011-06-27 00:00:00,12.6771,75.2565,India,medium
2012-11-13 00:00:00,-22.2815,-42.5329,Brazil,large
2013-02-17 00:00:00,1.4808,124.868,Indonesia,very_large
2010-02-25 06:45:00,33.9062,-116.8721,United States,small
2007-07-10 00:00:00,7.8098,125.4498,Philippines,medium
2011-04-03 03:20:00,52.6901,-3.8666,United Kingdom,small
2007-10-15 00:00:00,22.5333,89.4,Bangladesh,medium
2012-07-14 00:00:00,45.7153,-121.6406,United States,medium
2007-03-02 23:00:00,38.6009,-77.2682,United States,small
2011-07-16 00:00:00,27.99134853,84.06527738,Nepal,medium
2012-11-21 18:00:00,51.3255,-2.9339,United Kingdom,medium
2013-02-03 00:00:00,46.7191,6.852,Switzerland,very_large
2015-03-16 14:30:00,47.7166,-122.376,United States,small
2014-08-27 20:00:00,26.9226,107.3407,China,large
2007-02-13 00:00:00,50.4444,-4.9527,United Kingdom,small
2013-06-16 00:00:00,30.4619,79.0765,India,medium
2007-12-26 00:00:00,-7.6511,111.1835,Indonesia,large
2007-08-06 00:00:00,57.6778,-2.2651,United Kingdom,medium
2013-08-13 03:00:00,-41.0415,145.8596,Australia,small
2007-12-03 00:00:00,47.3434,-123.1628,United States,medium
2007-10-11 00:00:00,10.0214,-83.9451,Costa Rica,large
2014-11-01 05:05:00,34.2008,-117.6767,United States,small
2015-08-16 13:00:00,28.2576,83.6182,Nepal,medium
2007-09-06 00:00:00,40.4613,-106.8295,United States,small
2013-04-18 00:00:00,40.6545,-89.5567,United States,small
2007-12-04 17:30:00,43.6768,-123.8673,United States,medium
2009-07-03 00:00:00,26.87324244,88.29184021,India,medium
2015-01-05 00:00:00,46.6689,-123.7858,United States,small
2012-07-06 00:00:00,40.6862,-105.3054,United States,medium
2007-08-19 00:00:00,27.4211,85.0249,Nepal,medium
2008-08-19 00:00:00,48.3455,-120.0477,United States,small
2011-02-13 00:00:00,33.33875958,75.1921061,India,medium
2010-08-10 19:00:00,46.6637,-111.7619,United States,small
2007-07-22 00:00:00,25.1424,98.4802,China,medium
2007-02-27 00:00:00,37.7923,-122.4629,United States,medium
2012-01-22 23:30:00,37.7289,-119.7538,United States,small
2007-04-23 00:00:00,37.3385,-2.301,Spain,medium
2008-02-11 00:00:00,47.7463,-121.086,United States,medium
2014-06-19 00:00:00,43.2022,27.912,Bulgaria,small
2008-04-20 00:00:00,18.5283,-72.3224,Haiti,medium
2015-05-23 00:00:00,15.0337,-92.1124,Mexico,medium
2008-06-20 00:00:00,26.885,88.2778,India,medium
2013-05-06 00:00:00,35.5429,-82.7938,United States,medium
2010-12-26 10:00:00,36.8242,-119.7847,United States,small
2016-10-02 00:00:00,-37.8145,143.4041,Australia,small
2009-10-13 00:00:00,36.9566,-121.6815,United States,medium
2007-10-21 00:00:00,24.75,93.4333,India,medium
2014-12-07 09:00:00,49.3418,-123.0023,Canada,medium
2008-04-01 00:00:00,0.1115,113.9171,Indonesia,medium
2013-05-07 19:00:00,3.1564,101.7022,Malaysia,medium
2014-05-10 09:00:00,24.5784,91.7227,Bangladesh,medium
2013-01-17 00:00:00,40.4239,-80.0181,United States,medium
2014-12-12 02:00:00,34.0615,-118.9774,United States,small
2015-07-23 00:00:00,13.7484,-84.778,Nicaragua,medium
2012-12-29 13:00:00,0.771483087,35.56580095,Kenya,large
2015-09-27 00:00:00,14.6277,-90.4862,Guatemala,medium
2007-05-04 00:00:00,6.0327,80.2174,Sri Lanka,medium
2009-10-31 00:00:00,46.1131,-123.2331,United States,small
2013-09-05 23:00:00,47.4289,-120.3614,United States,small
2008-06-12 00:00:00,33.2367,131.5241,Japan,medium
2008-01-10 00:00:00,44.8268,-122.3829,United States,medium
2011-07-03 00:00:00,34.1601,75.496,India,medium
2008-01-15 00:00:00,25.5768,55.652,United Arab Emirates,medium
2015-10-08 02:00:00,27.2625,87.6017,Nepal,medium
2016-10-14 00:00:00,45.5469,-123.9047,United States,small
2015-11-05 00:00:00,9.3496,-83.5565,Costa Rica,medium
2010-03-16 18:00:00,-0.9813,100.6669,Indonesia,medium
2013-07-26 00:00:00,30.2835,79.2498,India,medium
2007-09-22 00:00:00,14.6229,-90.5316,Guatemala,medium
2012-02-22 12:34:00,48.1304,-122.3622,United States,medium
2014-12-12 09:00:00,37.8237,-121.9995,United States,small
2007-08-13 00:00:00,35.273,72.983,Pakistan,large
2007-03-21 00:00:00,33.7033,73.038,Pakistan,medium
2013-04-17 00:00:00,36.8529,-83.3698,United States,medium
2007-11-05 00:00:00,15.234,108.4852,Vietnam,medium
2013-09-08 22:00:00,25.9365,99.3373,China,medium
2016-01-29 00:00:00,2.7664,-75.074,Colombia,small
2015-01-05 01:00:00,46.9959,-123.8975,United States,medium
2011-04-11 00:00:00,-9.938,33.4318,Malawi,medium
2013-04-29 00:00:00,35.6172,-83.0299,United States,medium
2007-10-10 00:00:00,32.4792,117.7081,China,medium
2010-09-15 00:00:00,36.2744,74.7249,Pakistan,medium
2015-09-27 00:00:00,13.3864,-86.6146,Nicaragua,medium
2016-09-29 00:00:00,50.8267,-121.859,Canada,medium
2010-05-27 09:45:00,34.5628,77.6001,India,medium
2014-07-20 23:00:00,28.8389,82.2873,Nepal,small
2014-05-13 09:30:00,40.4301,-80.0017,United States,small
2014-05-15 09:00:00,42.1633,-74.4086,United States,medium
2013-01-31 00:00:00,10.0222,106.5408,Vietnam,medium
2010-03-14 00:00:00,40.635,-91.284,United States,small
2016-03-12 20:30:00,39.7958,-121.4519,United States,medium
2013-12-05 00:00:00,5.4429,100.2975,Malaysia,small
2016-01-06 00:00:00,34.2157,-119.0169,United States,medium
2013-03-18 00:00:00,37.8868,-84.4427,United States,medium
2011-08-10 00:00:00,30.2828,78.3041,India,medium
2015-02-14 09:00:00,21.4007,-157.8224,United States,medium
2008-12-16 00:00:00,34.453,-119.653,United States,small
2007-09-07 00:00:00,1.4833,35.4667,Kenya,medium
2010-01-10 23:00:00,-0.4167,-78.7833,Ecuador,medium
2008-04-13 00:00:00,39.625,-106.4879,United States,small
2011-09-03 19:15:00,45.9547,7.2083,Switzerland,medium
2009-03-21 09:30:00,20.81,-156.1166,United States,small
2007-05-05 00:00:00,-17.56,178.25,Fiji,medium
2014-09-06 00:00:00,32.8468,75.137,India,medium
2010-03-12 00:00:00,42.8214,47.1188,Russia,medium
2015-12-14 00:00:00,0.0482,34.7222,Kenya,medium
2015-03-04 00:00:00,37.8356,-81.969,United States,medium
2016-10-18 09:00:00,47.267,-122.2625,United States,small
2011-04-23 23:00:00,6.7425,-76.1551,Colombia,medium
2013-02-06 21:00:00,-7.2337,109.0605,Indonesia,large
2010-02-18 09:00:00,34.0682,-117.8056,United States,small
2013-08-23 11:00:00,-36.8642,147.2871,Australia,medium
2007-06-25 00:00:00,11.2738,75.8275,India,medium
2016-07-18 00:00:00,30.7313,78.4358,India,medium
2010-08-22 00:00:00,21.7653,104.1608,Vietnam,medium
2012-01-19 00:00:00,44.041,-123.8748,United States,small
2007-08-06 12:10:00,7.365123589,126.0356157,Philippines,large
2012-03-16 09:00:00,45.087,-122.0578,United States,small
2014-04-02 00:00:00,1.7397,98.7845,Indonesia,small
2007-05-23 00:00:00,27.3383,88.6069,India,medium
2013-06-18 00:00:00,44.1047,-72.4328,United States,small
2008-08-10 00:00:00,18.72,73.47,India,medium
2013-04-22 00:00:00,-0.1799,36.5229,Kenya,medium
2007-09-05 00:00:00,27.9167,84.25,Nepal,medium
2013-04-13 18:00:00,-9.5744,160.1445,Solomon Islands,medium
2014-07-15 00:00:00,49.8153,-102.3192,Canada,small
2008-08-07 00:00:00,39.2,-107.23,United States,medium
2016-02-24 04:00:00,38.9519,-81.9082,United States,small
2008-09-03 00:00:00,52.4356,-9.4709,Ireland,medium
2014-07-13 00:00:00,27.5687,85.34,Nepal,small
2007-08-12 00:00:00,1.0439,34.2583,Uganda,medium
2010-12-31 18:00:00,34.4275,-119.092,United States,small
2016-05-10 00:00:00,9.3147,-79.7975,Panama,small
2011-07-16 20:00:00,7.7299,125.0989,Philippines,small
2012-12-26 00:00:00,47.8501,-122.2146,United States,medium
2011-07-12 17:15:00,19.6699,73.5111,India,medium
2012-12-20 12:00:00,45.53,-122.7701,United States,medium
2007-10-14 06:45:00,34.3778,-118.47,United States,medium
2010-05-29 09:00:00,28.11,83.68,Nepal,medium
2013-07-26 09:30:00,34.3006,105.8268,China,medium
2013-01-24 00:00:00,-2.53,140.7161,Indonesia,medium
2013-07-14 00:00:00,30.6738,77.3544,India,medium
2012-12-02 00:00:00,38.7122,-122.0471,United States,medium
2008-02-01 00:00:00,2.3078,97.8297,Indonesia,medium
2009-03-07 00:00:00,-16.3556,-71.4842,Peru,medium
2011-07-21 00:00:00,29.3879,-82.4854,United States,medium
2011-07-15 00:00:00,37.5666,126.9778,South Korea,large
2014-04-03 00:00:00,34.80316285,74.21346155,Pakistan,small
2014-12-31 18:00:00,3.0651,101.7342,Malaysia,medium
2008-02-08 00:00:00,12.9752,77.6092,India,medium
2016-05-22 00:00:00,10.1557,-83.9717,Costa Rica,medium
2011-07-04 00:00:00,39.1904,-106.8152,United States,small
2012-10-09 00:00:00,8.1469,125.137,Philippines,medium
2013-07-14 00:00:00,28.0583,82.402,Nepal,medium
2014-12-02 09:00:00,37.4861,-122.2364,United States,small
2013-12-21 04:00:00,-19.6168,-40.8262,Brazil,medium
2013-07-23 00:00:00,40.4252,-79.8071,United States,small
2007-08-04 00:00:00,16.3922,120.6794,Philippines,medium
2011-03-18 23:00:00,43.3197,-73.9295,United States,medium
2008-04-29 00:00:00,43.3207,-72.0358,United States,small
2007-08-19 00:00:00,43.689,-91.2806,United States,medium
2014-05-10 09:00:00,24.4136,91.7561,Bangladesh,small
2015-11-17 00:00:00,-1.1161,35.8736,Kenya,medium
2007-09-06 00:00:00,29.5833,80.2167,India,large
2014-05-17 00:00:00,42.7204,44.5015,Georgia,medium
2008-12-17 00:00:00,33.023,-117.105,United States,small
2013-03-25 00:00:00,-6.622,106.7161,Indonesia,large
2015-04-09 00:00:00,33.4418,-117.6454,United States,small
2008-04-19 00:00:00,54.417,13.4343,Germany,medium
2013-05-08 00:00:00,35.3884,-83.4985,United States,medium
2012-12-27 00:00:00,13.3201,123.5841,Philippines,medium
2007-03-22 00:00:00,40.5175,-81.4305,United States,small
2010-04-06 09:00:00,44.6635,-123.949,United States,medium
2013-01-16 00:00:00,36.5539,-83.9789,United States,medium
2015-12-09 00:00:00,42.4149,-124.4205,United States,small
2007-03-26 00:00:00,15.4508,43.9605,Yemen,medium
2017-06-29 13:10:00,32.76390852,77.28272548,,medium
2013-01-18 00:00:00,35.5278,-83.0992,United States,medium
2014-06-19 09:00:00,48.2264,-114.3032,United States,small
2007-07-26 00:00:00,25.38,91.88,India,medium
2011-06-22 00:00:00,50.4546,-104.6071,Canada,medium
2009-05-18 00:00:00,7.2,126.046,Philippines,large
2007-12-16 00:00:00,34.93977198,76.83270934,India,medium
2013-03-03 00:00:00,-29.7736,151.1112,Australia,medium
2014-05-10 10:00:00,47.413,-122.0488,United States,medium
2015-12-08 00:00:00,47.5871,-121.9257,United States,small
2013-04-26 00:00:00,11.1954,-60.6764,Trinidad and Tobago,large
2015-08-17 00:00:00,28.2887,83.8974,Nepal,medium
2008-01-09 00:00:00,33.23738085,75.24528226,India,medium
2009-03-10 15:00:00,40.4427,-80.0342,United States,small
2008-02-28 00:00:00,-0.4635,-77.8928,Ecuador,medium
2016-01-21 09:20:00,47.8603,-122.3348,United States,small
2012-01-19 02:00:00,10.32,123.84,Philippines,medium
2007-01-19 00:00:00,29.3631,115.4786,China,medium
2008-01-16 17:30:00,4.4606,101.3941,Malaysia,medium
2010-01-08 00:00:00,44.5328,18.6705,Bosnia and Herzegovina,medium
2013-01-24 00:00:00,-5.4535,105.2666,Indonesia,medium
2008-06-06 00:00:00,-26.8494,152.8915,Australia,small
2014-08-30 09:00:00,26.9226,107.3407,China,medium
2008-03-14 00:00:00,40.4634,-80.613,United States,small
2007-09-10 23:00:00,27.2667,85.9667,Nepal,large
2007-11-20 00:00:00,30.9947,110.3272,China,large
2008-06-06 00:00:00,10.3114,123.9013,Philippines,medium
2013-12-24 00:00:00,51.0552,-0.845,United Kingdom,small
2013-12-25 00:00:00,50.4972,-4.21,United Kingdom,medium
2013-09-12 01:00:00,40.1192,-105.3896,United States,very_large
2007-05-08 00:00:00,33.242,75.231,India,medium
2007-01-08 00:00:00,4.9833,114.917,Brunei,medium
2010-03-21 11:00:00,-18.109,178.438,Fiji,small
2014-05-08 00:00:00,27.9032,96.174,India,medium
2012-03-26 00:00:00,46.4768,-116.4548,United States,small
2014-08-03 15:00:00,34.2437,-117.6561,United States,medium
2011-07-07 00:00:00,25.4191,94.1079,India,medium
2015-10-07 00:00:00,17.91,-92.8956,Mexico,medium
2013-01-16 00:00:00,27.5862,104.8613,China,medium
2012-12-30 00:00:00,45.816,-122.7257,United States,medium
2013-02-25 04:00:00,6.8426,125.4137,Philippines,medium
2007-08-25 00:00:00,27.0713,88.4308,India,medium
2012-01-07 00:00:00,12.34,122.56,Philippines,medium
2011-03-07 05:00:00,42.5804,-72.6018,United States,medium
2011-09-08 00:00:00,40.8305,-75.0776,United States,small
2014-08-12 00:00:00,33.6941,73.0399,Pakistan,small
2016-03-28 00:00:00,54.81,-5.7647,United Kingdom,small
2010-11-14 00:00:00,12.7512,124.0328,Philippines,small
2014-12-20 00:00:00,44.138,-124.1248,United States,small
2008-12-14 23:00:00,15.3796,-90.5316,Guatemala,medium
2012-12-05 00:00:00,36.8071,-121.7725,United States,medium
2014-11-29 12:00:00,39.0718,-120.9641,United States,small
2008-02-16 00:00:00,37.6475,-122.4936,United States,medium
2015-12-07 18:00:00,47.7339,-122.3746,United States,medium
2013-11-16 23:00:00,-34.2232,18.8279,South Africa,medium
2008-10-18 00:00:00,0.7089,107.7503,Indonesia,medium
2013-11-10 18:35:00,4.4927,101.3842,Malaysia,small
2011-08-12 00:00:00,6.5368,124.5618,Philippines,medium
2011-07-01 00:00:00,27.9333,84.4167,Nepal,medium
2016-10-05 09:30:00,44.7947,-107.9215,United States,medium
2007-09-18 00:00:00,46.4719,15.0836,Slovenia,medium
2011-03-30 09:20:00,40.1625,-123.7874,United States,medium
2016-01-07 05:55:00,37.6954,-119.7269,United States,medium
2011-07-21 00:00:00,28.0889,85.6352,Nepal,medium
2011-07-20 09:00:00,28.2638,83.9725,Nepal,medium
2007-08-02 00:00:00,26.8905,88.2789,India,medium
2014-08-07 00:00:00,38.5313,-118.4526,United States,medium
2013-03-14 17:00:00,37.7479,-25.2026,Portugal,medium
2007-08-29 00:00:00,27.0096,88.2548,India,medium
2015-01-05 06:35:00,46.9838,-123.939,United States,medium
2011-03-30 00:00:00,47.6475,-116.1167,United States,small
2010-04-07 13:50:00,29.5248,103.3545,China,large
2007-06-13 00:00:00,26.7324,88.4089,India,small
2012-01-10 15:50:00,10.8388,123.495,Philippines,medium
2010-12-29 11:30:00,33.8763,-117.6602,United States,small
2013-03-13 17:00:00,51.9565,0.9666,United Kingdom,medium
2016-06-18 00:00:00,-7.711258905,110.0557389,Indonesia,large
2016-08-16 00:00:00,16.6319,120.8333,Philippines,medium
2012-02-07 16:40:00,36.1207,103.3173,China,medium
2013-07-03 23:00:00,37.1995,-80.0628,United States,medium
2014-08-20 18:00:00,20.5349,73.1703,India,medium
2009-04-14 23:00:00,40.6235,-111.7443,United States,small
2013-07-10 00:00:00,27.5001,86.8669,Nepal,medium
2011-07-21 00:00:00,30.1665,78.1123,India,medium
2008-04-20 00:00:00,-17.9665,178.4367,Fiji,small
2013-05-04 00:00:00,6.8196,80.8448,Sri Lanka,medium
2015-08-11 23:00:00,32.1967,76.3194,India,medium
2007-06-25 00:00:00,18.431,79.1492,India,medium
2015-10-04 23:00:00,33.5006,-117.7431,United States,medium
2007-11-02 00:00:00,45.6706,-121.9383,United States,small
2010-06-16 00:00:00,27.0765,88.4808,India,medium
2010-07-30 09:30:00,9.9271,-84.4568,Costa Rica,medium
2015-12-09 15:00:00,45.942,-122.7759,United States,medium
2007-01-13 00:00:00,6.9658,80.7577,Sri Lanka,large
2011-09-09 08:00:00,17.7297,100.6846,Thailand,medium
2014-04-20 23:00:00,45.8168,-73.9024,Canada,small
2015-10-08 00:00:00,13.8176,-85.688,Nicaragua,medium
2016-08-01 07:00:00,27.8009,84.8423,Nepal,medium
2007-07-28 00:00:00,28.0764,83.2519,Nepal,medium
2010-12-28 22:00:00,45.5153,-122.7004,United States,small
2011-05-31 18:00:00,30.4783,78.2741,India,medium
2007-08-08 00:00:00,21.5332,94.4332,Myanmar [Burma],medium
2010-10-03 00:00:00,12.9711,76.2728,India,medium
2013-02-20 22:30:00,11.8006,125.3731,Philippines,medium
2016-06-18 18:00:00,-7.5532,109.475,Indonesia,medium
2012-02-01 04:00:00,64.4112,-14.5624,Iceland,medium
2013-06-18 15:00:00,30.3797,78.5017,India,medium
2008-08-18 00:00:00,6.08,-75.639,Colombia,medium
2008-08-10 00:00:00,25.08,75.72,India,medium
2008-03-09 00:00:00,42.7404,-73.6385,United States,small
2007-07-12 00:00:00,28.2168,83.6666,Nepal,medium
2011-08-07 00:00:00,31.0766,77.3913,India,medium
2013-06-07 12:30:00,52.9903,-119.3106,Canada,medium
2011-07-29 00:00:00,4.0391,9.6857,Cameroon,medium
2013-04-22 00:00:00,-0.6772,34.7716,Kenya,large
2011-07-20 00:00:00,10.3622,123.8639,Philippines,medium
2013-04-18 10:00:00,41.2581,-89.2025,United States,medium
2014-09-19 15:00:00,9.9643,-84.252,Costa Rica,small
2013-01-12 00:00:00,35.2746,73.2235,Pakistan,medium
2015-12-21 00:00:00,8.8543,-82.1825,Panama,small
2007-09-29 00:00:00,16.8333,121.1167,Philippines,medium
2015-01-05 00:00:00,47.4294,-121.4248,United States,small
2016-06-22 00:00:00,3.588727623,125.4938591,,medium
2011-07-29 00:00:00,-0.5713,101.3782,Indonesia,medium
2008-08-22 00:00:00,52.438,-9.43,Ireland,medium
2016-03-11 00:00:00,39.6942,-123.7976,United States,medium
2008-08-06 00:00:00,44.146,-71.9677,United States,small
2007-07-02 00:00:00,34.5625,73.8319,Pakistan,large
2012-12-21 00:00:00,44.0106,-123.7121,United States,medium
2013-04-17 08:00:00,37.4996,-82.4902,United States,medium
2016-02-27 15:30:00,44.104,-116.0033,United States,small
2015-09-27 00:00:00,14.744,-91.1344,Guatemala,medium
2014-06-02 00:00:00,43.8608,41.5897,Russia,medium
2007-10-12 00:00:00,18.1257,-77.7405,Jamaica,medium
2013-03-25 08:00:00,-6.9758,108.1008,Indonesia,large
2008-02-03 00:00:00,-28.0667,153.2298,Australia,medium
2013-03-29 00:00:00,-3.3784,35.8907,Tanzania,medium
2008-01-28 19:30:00,32.8464,-117.2619,United States,medium
2016-10-15 00:00:00,47.919,-120.2137,United States,medium
2008-02-03 00:00:00,29.7,67.3833,Pakistan,medium
2010-03-31 18:00:00,42.7679,-71.8158,United States,medium
2014-06-17 00:00:00,42.0291,43.5285,Georgia,small
2007-02-11 00:00:00,38.4909,-122.3494,United States,small
2010-02-25 00:00:00,45.385,26.5227,Romania,medium
2008-05-21 00:00:00,47.5023,-122.197,United States,small
2010-01-08 00:00:00,44.4,18.5333,Bosnia and Herzegovina,medium
2015-09-21 07:00:00,22.3496,91.8138,Bangladesh,medium
2007-09-22 00:00:00,34.1364,-118.2974,United States,small
2013-04-22 00:00:00,-0.8425,34.6812,Kenya,large
2013-06-05 22:30:00,7.7344,125.0969,Philippines,medium
2007-09-10 00:00:00,27.3425,88.6236,India,medium
2015-09-25 00:00:00,14.481,-89.0537,Honduras,small
2008-02-06 00:00:00,-6.8644,109.0338,Indonesia,medium
2007-08-28 00:00:00,28.3323,83.7438,Nepal,medium
2014-12-21 02:00:00,37.8595,-122.5012,United States,small
2010-05-24 00:00:00,40.7134,-111.8224,United States,small
2015-01-05 01:30:00,47.3012,-122.1737,United States,medium
2015-03-05 23:00:00,39.838,-80.6061,United States,medium
2008-05-19 00:00:00,-7.0678,112.5827,Indonesia,medium
2013-07-28 04:20:00,38.8946,121.6631,China,medium
2015-11-16 00:00:00,45.5737,-122.1529,United States,large
2008-03-23 00:00:00,-0.4475,100.9368,Indonesia,medium
2007-01-08 00:00:00,0.0667,100.9833,Indonesia,medium
2013-07-16 00:00:00,33.3422,104.3877,China,medium
2008-05-12 00:00:00,38.1362,-81.2584,United States,small
2011-07-02 18:00:00,13.1819,76.1147,India,small
2016-06-22 00:00:00,3.484563889,125.4875345,,large
2011-01-13 19:24:00,21.4782,-158.05,United States,small
2007-07-12 00:00:00,29.356,81.3098,Nepal,medium
2014-06-20 00:00:00,44.5768,-93.8457,United States,medium
2016-01-08 01:30:00,49.3747,-123.2665,Canada,medium
2014-07-01 04:00:00,29.7929,95.8044,China,medium
2011-06-16 00:00:00,11.2993,76.9354,India,medium
2014-05-19 15:00:00,7.9978,122.8157,Philippines,small
2014-09-22 00:00:00,26.1985,91.7998,India,small
2008-05-20 00:00:00,39.0447,-84.5289,United States,small
2013-07-23 00:00:00,40.4213,-79.774,United States,small
2007-08-14 00:00:00,39.9425,-107.8818,United States,medium
2011-06-10 15:30:00,47.8309,-119.9613,United States,small
2011-04-04 18:00:00,45.5828,-122.7685,United States,small
2015-10-07 00:00:00,17.3768,-92.7439,Mexico,medium
2012-01-22 00:00:00,-16.6037,179.0421,Fiji,medium
2014-09-13 00:00:00,9.8895,-83.9316,Costa Rica,small
2008-06-15 00:00:00,32.5659,75.0944,India,medium
2013-04-22 00:00:00,-0.9789,36.1529,Kenya,large
2010-08-01 19:30:00,39.9243,-111.5443,United States,small
2007-10-30 00:00:00,35.1368,-118.4948,United States,medium
2008-04-23 07:30:00,3.185,101.7673,Malaysia,medium
2015-03-04 00:00:00,37.6322,-82.0927,United States,medium
2007-11-23 00:00:00,14.4882,121.3088,Philippines,medium
2008-08-17 00:00:00,31.1,77.16,India,medium
2007-09-11 00:00:00,24.4279,94.0564,India,medium
2016-07-31 00:00:00,25.4941,82.5725,India,small
2015-02-09 00:00:00,49.9745,-119.4471,Canada,small
2013-07-28 00:00:00,21.2331,103.9847,Vietnam,medium
2015-01-05 05:56:00,46.9483,-123.762,United States,medium
2016-02-16 15:00:00,43.433,-123.5684,United States,medium
2013-10-05 00:00:00,10.5641,123.2547,Philippines,medium
2016-04-24 05:00:00,50.7181,-1.8649,United Kingdom,medium
2007-10-29 00:00:00,13.4,123.3667,Philippines,medium
2011-06-29 10:30:00,49.305,-121.6494,Canada,large
2008-01-03 00:00:00,10.1831,125.1251,Philippines,medium
2007-05-20 00:00:00,28.2785,103.566,China,medium
2013-08-16 00:00:00,26.8727,94.9275,India,medium
2009-12-14 00:00:00,-4.3333,137.0,Indonesia,medium
2012-12-21 00:00:00,56.3907,-4.1122,United Kingdom,medium
2013-06-19 00:00:00,29.5935,79.6805,India,medium
2014-05-06 00:00:00,39.6844,140.7284,Japan,small
2010-02-04 07:00:00,34.6998,-82.8804,United States,small
2011-09-12 23:00:00,57.6111,-152.2806,United States,small
2012-02-26 09:00:00,-6.5817,106.7895,Indonesia,medium
2012-12-25 03:00:00,11.2027,-60.6372,Trinidad and Tobago,medium
2007-02-25 00:00:00,33.8667,73.7667,Pakistan,medium
2013-03-25 08:00:00,-6.8907,107.6169,Indonesia,large
2013-06-18 00:00:00,28.8519,81.7086,Nepal,medium
2012-10-30 09:00:00,21.443,92.0076,Bangladesh,medium
2011-01-13 00:00:00,47.2265,-122.2558,United States,small
2013-02-15 00:00:00,7.4685,80.6201,Sri Lanka,medium
2011-06-11 00:00:00,16.58074281,98.31365118,Thailand,medium
2013-08-24 00:00:00,35.2865,-85.1789,United States,small
2011-07-09 00:00:00,44.7972,-106.9562,United States,medium
2012-12-18 13:30:00,47.8085,-122.3005,United States,medium
2011-06-19 15:00:00,47.7851,-114.0149,United States,small
2016-10-02 00:00:00,-38.0195,143.4171,Australia,small
2011-03-28 00:00:00,5.0569,-75.5271,Colombia,medium
2015-09-28 09:00:00,15.0909,-88.2072,Honduras,small
2007-04-02 00:00:00,29.3014,108.1536,China,medium
2015-09-08 11:45:00,43.024,-88.0271,United States,medium
2015-01-16 15:00:00,5.4992,116.2805,Malaysia,medium
2016-10-16 00:00:00,17.4038,121.1891,Philippines,medium
2011-08-03 00:00:00,17.9683,97.9422,Thailand,medium
2009-10-02 00:00:00,14.9935,74.0478,India,medium
2013-04-07 08:00:00,47.9476,-122.3046,United States,medium
2015-03-04 00:00:00,38.2942,-81.6267,United States,small
2016-01-19 00:00:00,37.0937,-119.7531,United States,small
2016-10-04 15:00:00,6.2793,124.7126,Philippines,medium
2007-10-03 00:00:00,5.9975,116.5956,Malaysia,large
2016-01-21 09:20:00,47.7651,-122.3856,United States,medium
2012-11-03 00:00:00,3.2294,101.711,Malaysia,medium
2014-04-02 00:00:00,-6.6687,106.5464,Indonesia,medium
2012-12-19 00:00:00,46.1896,-123.8215,United States,medium
2015-05-24 23:30:00,9.2279,-82.3808,Panama,medium
2013-03-07 00:00:00,37.2506,43.6143,Turkey,medium
2011-11-22 00:00:00,40.5238,-75.7796,United States,medium
2008-01-15 00:00:00,-2.5338,140.7058,Indonesia,large
2012-10-04 08:00:00,27.6391,104.0529,China,very_large
2011-05-11 15:00:00,35.3143,74.1937,Pakistan,medium
2013-03-01 04:00:00,4.585,101.0334,Malaysia,medium
2010-02-09 15:00:00,-6.5044,106.8776,Indonesia,medium
2016-06-03 00:00:00,48.7489,-113.7718,United States,medium
2010-08-25 00:00:00,72.6275,-77.8416,Canada,small
2012-12-19 00:00:00,45.7204,-123.9171,United States,medium
2014-10-25 23:00:00,49.2336,-122.8714,Canada,small
2014-05-09 23:00:00,24.8669,92.3576,India,small
2013-01-28 00:00:00,27.5862,104.8613,China,medium
2007-08-28 00:00:00,25.7428,93.9136,India,medium
2012-11-18 00:00:00,-6.9031,106.9516,Indonesia,medium
2008-06-21 00:00:00,32.6457,130.5773,Japan,medium
2009-11-21 00:00:00,40.9792,39.7365,Turkey,medium
2017-04-05 13:19:00,-41.31460954,174.7789668,,small
2007-08-03 00:00:00,27.9271,83.529,Nepal,medium
2011-07-01 04:30:00,27.8173,83.4643,Nepal,medium
2015-02-08 09:00:00,49.4635,-117.4965,Canada,small
2011-07-12 00:00:00,33.6423,-109.3279,United States,medium
2007-11-03 00:00:00,21.3131,-157.829,United States,small
2007-09-01 00:00:00,-1.2654,116.831,Indonesia,medium
2008-07-17 00:00:00,7.16,-75.52,Colombia,medium
2007-10-14 00:00:00,10.3333,123.0333,Philippines,medium
2007-09-11 00:00:00,27.2084,88.4909,India,medium
2007-08-18 00:00:00,44.4659,-109.8662,United States,small
2012-11-18 00:00:00,-6.9092,106.8762,Indonesia,medium
2015-03-07 15:00:00,36.9186,-82.7256,United States,medium
2010-04-29 00:00:00,7.2558,80.3019,Sri Lanka,medium
2014-09-22 00:00:00,26.1314,91.7548,India,small
2007-09-12 00:00:00,27.3667,87.2167,Nepal,medium
2013-07-26 00:00:00,34.3752,106.7588,China,medium
2011-05-15 00:00:00,46.8077,-120.9174,United States,small
2014-08-13 00:00:00,28.9446,82.2494,Nepal,medium
2015-11-22 00:00:00,8.7463,-82.4569,Panama,medium
2008-06-07 00:00:00,10.7069,106.7361,Vietnam,medium
2011-06-04 00:00:00,46.1905,7.5449,Switzerland,medium
2016-08-01 22:00:00,10.2813,123.8257,Philippines,small
2007-09-29 00:00:00,24.1293,92.6921,India,medium
2008-02-15 00:00:00,-6.7333,110.8667,Indonesia,medium
2009-12-12 00:00:00,39.4052,-90.9836,United States,small
2007-08-26 00:00:00,22.9798,121.1571,Taiwan,medium
2012-11-21 18:00:00,51.4942,-0.1595,United Kingdom,medium
2011-06-28 00:00:00,25.03561729,94.0144205,India,medium
2008-03-28 00:00:00,39.1072,-84.5657,United States,small
2013-02-26 00:00:00,6.9898,126.3173,Philippines,medium
2011-09-16 00:00:00,30.056,70.6369,Pakistan,medium
2014-06-29 05:00:00,49.9537,-123.3589,Canada,small
2013-11-16 02:00:00,-34.0496,18.3629,South Africa,medium
2014-07-12 15:00:00,38.8416,-104.8618,United States,small
2013-01-27 00:00:00,37.9152,40.2306,Turkey,large
2007-12-07 14:30:00,21.462,-158.121,United States,small
2017-06-27 13:10:00,12.82402778,75.21163889,,small
2012-06-10 00:00:00,26.6597,106.7157,China,medium
2013-08-18 00:00:00,30.3642,79.3158,India,medium
2015-03-06 22:00:00,47.9896,-122.363,United States,small
2015-02-07 07:00:00,47.9194,-122.3152,United States,medium
2010-01-08 00:00:00,44.1799,18.6599,Bosnia and Herzegovina,medium
2015-08-27 00:00:00,27.8569,85.1287,Nepal,medium
2013-03-25 02:00:00,-6.6234,106.7087,Indonesia,large
2009-10-12 00:00:00,32.5383,-96.9854,United States,small
2010-07-24 00:00:00,-3.644,126.6609,Indonesia,medium
2012-01-22 00:00:00,44.5694,-123.617,United States,medium
2007-10-30 00:00:00,11.2777,77.1236,India,medium
2008-02-21 00:00:00,7.8953,123.8436,Philippines,medium
2007-02-15 00:00:00,45.6993,-121.895,United States,medium
2015-10-29 00:00:00,9.9574,-84.0879,Costa Rica,medium
2008-04-25 00:00:00,44.0344,-91.6396,United States,small
2011-07-07 00:00:00,46.0161,9.2572,Italy,medium
2016-06-03 08:00:00,32.4399,-97.7881,United States,medium
2013-07-15 00:00:00,25.6269,94.1139,India,medium
2016-03-13 00:00:00,38.8758,-121.1358,United States,small
2014-04-15 12:00:00,45.9111,-74.4678,Canada,medium
2013-07-16 22:00:00,40.4074,-111.8509,United States,small
2012-12-29 13:00:00,0.770919162,35.56563507,Kenya,large
2013-07-27 23:00:00,35.7244,-81.3408,United States,small
2008-04-29 00:00:00,50.3162,-117.8532,Canada,small
2014-09-22 00:00:00,26.1044,91.7082,India,small
2008-03-05 00:00:00,-9.2114,-76.1311,Peru,medium
2014-04-30 00:00:00,50.6082,-118.8419,Canada,medium
2008-02-25 00:00:00,14.6394,121.0922,Philippines,small
2015-07-26 00:00:00,55.2115,-6.2546,United Kingdom,small
2008-01-04 00:00:00,20.5667,105.9,Vietnam,medium
2012-12-05 00:00:00,19.7827,-70.6871,Dominican Republic,medium
2008-01-15 00:00:00,55.8657,-4.2571,United Kingdom,medium
2016-06-23 00:00:00,-7.4001,109.6666,Indonesia,medium
2016-02-24 23:00:00,40.4372,-80.0813,United States,medium
2014-03-31 15:00:00,35.3047,69.5546,Afghanistan,small
2011-09-08 00:00:00,40.6383,-74.5007,United States,medium
2013-06-27 00:00:00,42.1144,-75.9324,United States,small
2011-09-28 00:00:00,26.8545,88.3372,India,medium
2015-07-04 00:00:00,38.8117,-104.8538,United States,small
2013-04-17 23:30:00,41.6737,-91.5322,United States,medium
2010-03-30 08:00:00,40.63499096,-91.28401244,United States,medium
2014-12-16 09:00:00,37.8893,-122.4614,United States,small
2007-04-20 00:00:00,37.4814,-82.5186,United States,small
2016-11-15 15:00:00,-41.335096,174.735459,,small
2013-01-09 00:00:00,48.9511,-122.7756,United States,medium
2013-10-05 14:15:00,7.8347,98.3138,Thailand,small
2014-10-12 00:00:00,14.0007,-89.4691,El Salvador,medium
2015-01-04 15:39:00,28.14,106.2055,China,medium
2013-08-16 00:00:00,26.4205,94.9731,India,medium
2009-09-29 22:30:00,7.1904,124.5335,Philippines,medium
2010-02-20 02:00:00,44.6163,22.7941,Romania,medium
2013-03-28 00:00:00,-25.4003,152.9012,Australia,small
2015-08-01 00:00:00,23.899,94.1434,India,medium
2015-10-15 00:00:00,15.5779,-89.7321,Guatemala,medium
2015-09-27 00:00:00,14.6429,-90.5352,Guatemala,medium
2013-10-24 00:00:00,-16.4724,168.2362,Vanuatu,medium
2008-01-07 00:00:00,32.5755,-116.9016,Mexico,medium
2013-07-11 00:00:00,37.8024,-81.9312,United States,medium
2008-06-03 00:00:00,31.2077,77.193,India,medium
2013-02-18 00:00:00,28.1193,95.1645,India,medium
2008-02-17 00:00:00,12.0478,125.4357,Philippines,medium
2012-11-18 00:00:00,-6.8255,106.742,Indonesia,medium
2011-07-28 00:00:00,48.3626,-120.4339,United States,medium
2011-01-17 08:00:00,60.0613,6.5483,Norway,medium
2015-09-11 00:00:00,56.6215,-132.6394,United States,medium
2013-07-27 00:00:00,36.2204,-81.4311,United States,medium
2008-12-13 00:00:00,-38.1583,144.35,Australia,small
2008-02-23 00:00:00,-35.047,173.7463,New Zealand,small
2011-07-20 00:00:00,27.1141,88.4658,India,small
2007-08-02 00:00:00,26.4596,87.2758,Nepal,medium
2015-03-12 11:50:00,38.3686,-81.6026,United States,medium
2009-12-17 00:00:00,39.875223,22.5703077,Greece,medium
2011-07-07 00:00:00,44.7448,-106.9249,United States,medium
2011-10-08 05:00:00,37.6536,-112.9821,United States,large
2013-03-25 08:00:00,-6.9373,107.474,Indonesia,large
2015-03-06 00:00:00,37.9176,-82.4895,United States,medium
2008-07-27 00:00:00,27.09,86.37,Nepal,medium
2013-04-17 00:00:00,36.8502,-83.316,United States,medium
2013-11-16 23:00:00,-33.9595,18.377,South Africa,small
2015-04-09 12:15:00,39.88211093,-87.23175652,United States,small
2016-04-18 00:00:00,-1.2239,134.0157,Indonesia,large
2013-09-05 00:00:00,21.8411,106.6741,Vietnam,very_large
2013-07-15 23:00:00,36.0748,-81.9243,United States,medium
2010-09-29 00:00:00,40.3911,-80.0766,United States,small
2016-11-30 15:24:00,13.901105,-60.969451,,small
2008-12-20 00:00:00,33.245,75.247,India,medium
2011-07-18 00:00:00,47.4074,-102.7912,United States,medium
2014-08-01 16:30:00,38.4316,-106.1009,United States,small
2015-03-03 22:00:00,47.9897,-122.3631,United States,small
2007-08-11 00:00:00,29.9932,102.9955,China,medium
2012-03-19 23:00:00,34.6507,74.7362,India,medium
2015-12-01 00:00:00,18.0918,-76.9429,Jamaica,small
2011-07-05 00:00:00,40.5243,-79.6673,United States,small
2012-11-30 00:00:00,37.6178,-121.9451,United States,medium
2007-10-26 00:00:00,-10.3038,150.4476,Papua New Guinea,medium
2013-04-28 00:00:00,37.356,-2.0371,Spain,medium
2014-05-07 17:30:00,18.5158,73.1822,India,small
2008-08-17 00:00:00,16.95,121.045,Philippines,medium
2015-04-07 00:00:00,43.3215,22.0726,Serbia,small
2011-09-06 08:00:00,24.808,93.117,India,medium
2007-11-28 00:00:00,19.4272,-155.8801,United States,medium
2015-10-27 00:00:00,10.06,-84.1841,Costa Rica,small
2007-07-17 00:00:00,46.1836,-123.8203,United States,small
2007-03-20 00:00:00,33.5708,73.494,Pakistan,medium
2013-05-06 23:00:00,28.5833,112.3735,China,medium
2015-06-12 00:00:00,12.5769,-86.0418,Nicaragua,medium
2015-11-17 00:00:00,47.717,-121.225,United States,medium
2007-08-11 00:00:00,0.2833,34.75,Kenya,large
2007-07-19 00:00:00,25.0333,98.4667,China,large
2011-06-22 00:00:00,-38.551,146.196,Australia,large
2016-04-12 09:00:00,3.4856,-76.6104,Colombia,small
2014-12-30 04:30:00,4.4982,101.3947,Malaysia,small
2013-07-16 22:00:00,40.4905,-111.7377,United States,small
2016-03-12 00:00:00,38.6498,-123.3792,United States,medium
2013-04-25 00:00:00,35.8568,-82.6957,United States,medium
2015-08-16 00:00:00,10.3607,123.8842,Philippines,small
2007-08-24 00:00:00,27.9167,83.0833,Nepal,medium
2015-03-03 23:00:00,37.4076,-81.7889,United States,medium
2007-11-17 00:00:00,11.2965,-60.6312,Trinidad and Tobago,medium
2015-12-13 17:46:00,37.4053,-122.2577,United States,small
2016-10-01 00:00:00,14.8435,120.2683,Philippines,medium
2011-03-31 00:30:00,49.0022,-122.7576,Canada,small
2008-08-13 00:00:00,16.624,97.938,Myanmar [Burma],medium
2007-07-05 00:00:00,51.3681,-0.4367,United Kingdom,small
2011-09-01 00:00:00,40.8826,-73.9227,United States,small
2007-09-29 00:00:00,27.8667,83.4833,Nepal,medium
2013-07-12 00:00:00,38.4006,-81.6171,United States,medium
2011-08-12 00:00:00,29.9121,78.1723,India,medium
2015-03-21 00:00:00,42.1205,24.1185,Bulgaria,medium
2017-04-28 13:17:00,40.0945423,-80.75848389,,small
2015-10-11 00:00:00,38.7612,-104.8318,United States,large
2014-12-12 00:30:00,47.803,-122.3941,United States,small
2015-12-08 23:00:00,47.488,-122.3633,United States,medium
2008-05-02 00:00:00,11.8861,108.2058,Vietnam,medium
2014-12-04 00:00:00,-7.3674,109.7303,Indonesia,large
2009-12-22 00:00:00,30.6207,34.8149,Israel,medium
2016-06-18 00:00:00,29.8246,94.413,China,medium
2013-10-14 15:35:00,6.0581,116.2824,Malaysia,medium
2014-06-20 00:00:00,28.0816,83.2934,Nepal,medium
2010-10-06 04:00:00,27.88159864,83.77762394,Nepal,medium
2013-06-28 00:00:00,19.3074,101.8343,Laos,medium
2015-09-27 00:00:00,14.5337,-90.5289,Guatemala,medium
2012-11-12 15:50:00,2.9346,101.7777,Malaysia,medium
2013-04-03 12:00:00,41.4497,-8.2594,Portugal,medium
2007-12-16 00:00:00,40.3875,-79.7569,United States,medium
2012-11-15 18:00:00,3.1623,101.7444,Malaysia,medium
2013-05-06 00:00:00,35.4462,-82.3746,United States,medium
2013-09-05 23:00:00,46.8189,-120.8603,United States,medium
2014-06-11 00:00:00,42.083,44.7,Georgia,medium
2014-06-19 23:00:00,28.0054,82.68,Nepal,medium
2010-10-20 00:00:00,33.4552,-117.6667,United States,small
2013-02-20 13:47:00,30.8796,119.4211,China,medium
2014-05-12 00:00:00,34.0893,74.0241,India,small
2012-07-12 00:00:00,50.0804,-116.8792,Canada,medium
2011-03-17 00:00:00,11.2529,124.9736,Philippines,medium
2007-11-06 00:00:00,6.1454,80.4119,Sri Lanka,medium
2013-12-21 00:00:00,-19.5378,-40.949,Brazil,large
2011-03-20 00:00:00,48.0414,-122.5949,United States,medium
2008-02-03 00:00:00,-22.3758,-43.1314,Brazil,medium
2013-01-27 00:00:00,-0.3264,100.1535,Indonesia,very_large
2017-05-10 13:28:00,51.41495704,-117.4693413,,small
2014-01-10 19:30:00,-13.4862,-71.7832,Peru,medium
2016-10-07 00:00:00,16.5281,107.5007,Vietnam,medium
2007-08-06 00:00:00,60.1346,-2.0885,United Kingdom,medium
2007-05-01 00:00:00,-2.6857,118.8947,Indonesia,medium
2009-08-20 00:00:00,43.0421,-91.1811,United States,small
2013-03-22 05:00:00,50.3625,-4.4558,United Kingdom,medium
2015-11-14 00:00:00,12.9746,80.2119,India,medium
2016-11-05 14:00:00,10.310885,123.823355,,small
2014-10-12 00:00:00,13.6891,-89.2361,El Salvador,small
2014-05-01 04:00:00,-45.8618,170.509,New Zealand,small
2015-09-28 00:00:00,14.1105,-87.2507,Honduras,medium
2014-10-21 03:00:00,6.8907,-73.4081,Colombia,small
2013-05-07 00:00:00,39.1267,-84.5319,United States,medium
2008-06-07 00:00:00,22.3682,114.0519,Hong Kong,medium
2016-04-21 00:00:00,18.0502,-76.3994,Jamaica,small
2009-11-22 00:00:00,47.5944,-122.3881,United States,medium
2011-04-06 00:00:00,40.5196,-80.1376,United States,small
2013-04-21 00:00:00,-41.0387,172.9486,New Zealand,medium
2008-07-30 00:00:00,49.5622,-123.2317,Canada,medium
2011-07-16 10:00:00,27.7783,98.4579,China,medium
2010-04-25 00:00:00,41.8907,44.7519,Georgia,medium
2016-07-31 23:00:00,31.6865,77.1043,India,medium
2012-12-22 09:00:00,50.9001,0.4864,United Kingdom,medium
2007-07-24 00:00:00,32.7883,-97.0317,United States,small
2013-03-18 00:00:00,-22.5221,-43.2192,Brazil,medium
2011-05-31 00:00:00,30.9206,78.3276,India,medium
2011-09-03 00:00:00,34.6987,135.8019,Japan,medium
2015-11-11 00:00:00,9.8747,-84.3841,Costa Rica,small
2007-11-25 00:00:00,-6.3494,147.1646,Papua New Guinea,medium
2016-07-29 05:45:00,-39.0675,174.3119,New Zealand,medium
2014-04-12 12:00:00,38.163,-82.5052,United States,small
2007-08-22 00:00:00,34.638,105.6122,China,medium
2010-10-08 20:00:00,-29.4985,152.3913,Australia,medium
2007-03-28 00:00:00,49.2966,-123.1357,Canada,medium
2016-03-08 00:00:00,36.5538,-121.748,United States,small
2007-04-13 00:00:00,41.8741,-1.2144,Spain,medium
2013-02-17 14:30:00,7.5842,125.8331,Philippines,very_large
2012-11-27 00:00:00,52.6514,-2.4971,United Kingdom,medium
2015-03-15 00:00:00,33.7732,74.1011,India,medium
2013-09-12 23:00:00,27.3414,86.7506,Nepal,medium
2012-05-26 00:00:00,-6.5873,106.7932,Indonesia,large
2007-10-26 01:00:00,7.8882,98.3071,Thailand,medium
2012-01-19 04:00:00,43.3181,-123.0611,United States,small
2008-01-06 00:00:00,-7.972,112.6278,Indonesia,medium
2013-02-07 00:00:00,2.9832,98.1938,Indonesia,medium
2008-03-05 00:00:00,-16.9135,145.7231,Australia,small
2008-11-26 00:00:00,33.3,-116.9135,United States,medium
2014-07-04 00:00:00,25.6157,96.3167,Myanmar [Burma],large
2007-04-15 00:00:00,31.747,35.5915,Jordan,large
2014-09-23 14:30:00,14.5932,-90.4979,Guatemala,medium
2014-10-20 00:00:00,25.5006,90.0896,India,medium
2008-01-14 00:00:00,7.0932,125.5583,Philippines,medium
2013-05-11 09:00:00,26.1662,91.7138,India,medium
2008-06-18 00:00:00,-30.3167,30.6667,South Africa,medium
2008-02-05 00:00:00,40.1833,-79.8965,United States,medium
2013-01-30 00:00:00,22.6205,91.6591,Bangladesh,large
2014-05-01 00:00:00,49.031,-122.7408,Canada,small
2014-09-22 00:00:00,26.1324,91.8342,India,small
2007-08-06 00:00:00,33.2451,75.2257,India,medium
2015-09-26 00:00:00,13.0805,-85.9925,Nicaragua,small
2016-07-13 00:00:00,-38.6309,143.8872,Australia,medium
2012-12-25 03:00:00,11.3176,-60.5841,Trinidad and Tobago,medium
2016-10-09 23:00:00,-18.1347,178.4267,Fiji,medium
2013-01-17 09:00:00,35.3368,-84.0317,United States,large
2014-12-04 00:00:00,-7.3196,109.7856,Indonesia,medium
2012-06-07 04:30:00,27.1748,88.6458,India,large
2014-10-26 23:00:00,7.2943,80.854,Sri Lanka,medium
2008-11-03 00:00:00,36.27,-121.8076,United States,small
2014-07-15 00:00:00,27.059,88.4694,India,small
2009-10-10 11:00:00,46.8155,-120.923,United States,medium
2014-08-14 00:00:00,27.737,84.6073,Nepal,medium
2007-12-05 00:00:00,47.645,-122.416,United States,small
2008-02-15 00:00:00,11.7548,125.4606,Philippines,medium
2014-09-07 00:00:00,33.7354,-116.8146,United States,small
2008-06-29 00:00:00,40.78,-74.27,United States,small
2015-06-06 00:00:00,14.4236,-90.4792,Guatemala,medium
2012-03-13 14:30:00,39.7188,-121.6113,United States,small
2016-10-05 00:00:00,27.8987,84.5386,Nepal,medium
2015-03-04 00:00:00,37.657,-81.9237,United States,medium
2013-12-22 00:00:00,54.6086,-3.5679,United Kingdom,small
2016-04-26 22:40:00,43.5091,-108.1822,United States,small
2011-06-29 23:00:00,50.7389,-2.901,United Kingdom,small
2015-08-19 00:00:00,25.2568,92.3825,India,medium
2009-08-16 15:00:00,28.4517,119.9169,China,medium
2011-05-30 09:00:00,41.2554,-111.8305,United States,small
2007-09-20 00:00:00,18.1578,100.1589,Thailand,medium
2013-06-18 00:00:00,29.1145,81.6865,Nepal,medium
2009-12-12 00:00:00,34.2716,-118.0282,United States,small
2016-03-11 09:00:00,39.4416,-123.8033,United States,medium
2014-07-09 03:00:00,26.8844,98.8704,China,medium
2008-01-31 00:00:00,44.0302,-123.679,United States,medium
2015-11-09 00:00:00,35.7006,-82.8078,United States,unknown
2014-09-22 00:00:00,26.1295,91.7056,India,small
2008-10-16 00:00:00,16.2,108.133,Vietnam,medium
2013-12-21 00:00:00,-19.6528,-40.8424,Brazil,medium
2015-11-21 22:30:00,14.6893,-88.8098,Honduras,medium
2012-11-18 00:00:00,-6.9563,107.0222,Indonesia,medium
2014-10-12 00:00:00,13.6905,-89.32,El Salvador,medium
2007-08-20 00:00:00,8.8427,98.3834,Thailand,medium
2011-07-03 00:00:00,8.6815,-70.7016,Venezuela,medium
2013-07-25 15:30:00,2.6752,-75.6447,Colombia,medium
2009-11-21 00:00:00,40.5459,39.5272,Turkey,medium
2015-08-17 00:00:00,28.2924,83.871,Nepal,medium
2007-10-17 00:00:00,12.75,124.033,Philippines,large
2012-11-01 08:00:00,40.6268,-79.7383,United States,medium
2009-11-12 00:00:00,34.2236,-118.1964,United States,small
2013-07-25 04:55:00,39.8033,-80.7651,United States,medium
2016-05-06 17:00:00,34.8662,-118.8813,United States,small
2009-08-20 00:00:00,27.6072,86.9985,Nepal,medium
2009-08-26 00:00:00,27.3746,88.7648,India,medium
2008-01-06 00:00:00,44.0302,-123.8405,United States,small
2013-07-13 10:05:00,36.5851,109.4875,China,small
2012-12-11 00:00:00,32.9522,75.1533,India,medium
2011-02-21 04:40:00,44.3543,-123.7083,United States,medium
2014-03-29 23:00:00,42.9429,-76.0673,United States,small
2008-08-22 00:00:00,35.1649,102.4839,China,medium
2007-07-01 00:00:00,32.7995,-97.2688,United States,medium
2012-03-20 09:00:00,40.1129,-123.7984,United States,medium
2013-05-09 00:00:00,3.142,101.6593,Malaysia,medium
2013-07-20 13:30:00,33.6859,-117.6656,United States,small
2009-09-03 00:00:00,32.351,77.2234,India,medium
2008-05-06 00:00:00,37.2199,69.7078,Afghanistan,medium
2014-10-14 00:00:00,45.6621,13.8002,Italy,medium
2007-11-18 00:00:00,37.4833,21.65,Greece,medium
2007-09-07 00:00:00,27.201,88.4883,India,large
2013-01-26 04:45:00,-1.4771,102.4382,Indonesia,medium
2013-03-26 21:15:00,27.6969,111.9933,China,medium
2016-05-23 01:00:00,30.7007,77.8644,India,small
2012-11-26 00:00:00,46.8856,-123.7131,United States,medium
2012-11-29 00:00:00,51.1184,-4.2136,United Kingdom,medium
2013-05-06 02:00:00,35.6194,-82.3219,United States,medium
2010-03-15 02:00:00,42.4135,-71.6974,United States,small
2015-08-03 00:00:00,42.0124,20.9482,Macedonia,medium
2015-12-24 15:00:00,42.9646,-123.8241,United States,medium
2012-11-30 00:00:00,33.908,73.9339,Pakistan,medium
2010-09-07 00:00:00,36.1736,74.3001,Pakistan,medium
2016-10-02 08:00:00,27.5778,85.1717,Nepal,medium
2008-06-20 00:00:00,-30.4489,30.6551,South Africa,medium
2016-10-15 18:08:00,45.4701,-122.6587,United States,small
2008-01-06 00:00:00,32.8008,-117.207,United States,small
2007-03-24 03:30:00,49.1461,-122.3236,Canada,large
2013-06-18 09:00:00,28.4513,82.2801,Nepal,large
2011-07-17 00:00:00,26.99195749,88.42280921,India,medium
2014-07-20 00:00:00,43.6698,40.298,Russia,small
2010-07-31 18:46:00,39.1883,-107.2341,United States,medium
2015-03-10 15:00:00,39.1139,-84.4888,United States,small
2014-05-20 00:00:00,15.0666,-87.3245,Honduras,medium
2015-03-04 09:00:00,37.2573,-87.1772,United States,medium
2014-05-11 09:00:00,22.7596,113.8701,China,small
2015-01-05 07:39:00,47.1831,-122.2507,United States,small
2011-07-21 00:00:00,27.703,85.3183,Nepal,medium
2011-07-07 00:00:00,39.631,-106.0433,United States,small
2013-01-15 00:00:00,35.9205,-83.9572,United States,medium
2011-06-17 00:00:00,15.5931,73.8119,India,medium
2007-09-15 00:00:00,8.5695,98.2559,Thailand,medium
2007-08-02 00:00:00,10.3658,123.8897,Philippines,medium
2011-01-17 00:00:00,47.2426,-115.8608,United States,medium
2012-01-09 00:00:00,10.4066,99.0412,Thailand,medium
2009-12-31 00:00:00,51.6082,-3.7718,United Kingdom,small
2015-10-16 18:00:00,14.4837,-87.7152,Honduras,medium
2015-09-27 00:00:00,14.7038,-91.0873,Guatemala,medium
2015-02-09 09:00:00,48.0467,-119.9064,United States,small
2013-01-13 00:00:00,43.6187,-80.1432,Canada,medium
2015-06-30 00:00:00,31.9006,102.2256,China,medium
2008-03-04 00:00:00,40.4278,-79.9321,United States,medium
2008-06-07 00:00:00,22.7102,113.5051,China,medium
2007-08-18 00:00:00,44.0304,-92.4671,United States,small
2007-10-11 00:00:00,9.9869,-84.407,Costa Rica,large
2010-10-02 18:00:00,28.1906,82.314,Nepal,medium
2007-09-26 00:00:00,3.1028,101.6899,Malaysia,medium
2016-01-05 00:00:00,34.3515,-118.5393,United States,medium
2007-12-31 00:00:00,-7.6667,111.1167,Indonesia,medium
2013-07-12 00:00:00,29.3802,79.4633,India,medium
2013-07-27 00:00:00,30.4521,78.754,India,medium
2007-10-12 00:00:00,18.7335,-72.4133,Haiti,large
2013-10-08 09:00:00,7.9441,98.288,Thailand,small
2007-09-02 00:00:00,29.184,81.6018,Nepal,medium
2013-05-09 00:00:00,3.1523,101.6832,Malaysia,medium
2015-09-27 00:00:00,14.9233,-91.1352,Guatemala,medium
2013-08-18 00:00:00,30.742,78.4543,India,medium
2014-09-22 00:00:00,26.159,91.8178,India,small
2015-11-23 00:00:00,8.7868,-82.8662,Panama,medium
2015-03-14 18:30:00,50.6533,-119.1604,Canada,small
2011-07-29 00:00:00,25.4192,94.108,India,medium
2014-05-22 23:00:00,13.4379,-88.2756,El Salvador,medium
2011-07-30 00:00:00,39.5256,-107.7776,United States,small
2014-07-17 04:00:00,27.2482,105.2893,China,medium
2011-07-31 00:00:00,35.31194721,76.31257094,Pakistan,large
2013-09-07 15:00:00,27.3736,88.7323,India,medium
2013-01-16 00:00:00,35.6706,-82.5955,United States,medium
2013-12-11 00:00:00,10.8237,-61.0955,Trinidad and Tobago,medium
2014-07-10 00:00:00,19.3062,101.1732,Thailand,medium
2007-08-31 00:00:00,22.6461,88.3403,India,medium
2015-07-27 00:00:00,36.0972,72.4515,Pakistan,medium
2011-01-06 22:00:00,33.4445,-117.6364,United States,medium
2010-05-05 00:00:00,32.525,-116.9999,Mexico,medium
2008-08-09 00:00:00,24.9,102.0,China,medium
2013-04-27 00:00:00,27.401,105.2866,China,medium
2013-06-16 00:00:00,30.5728,77.6521,India,medium
2012-03-12 00:00:00,43.8406,-122.627,United States,small
2008-07-18 00:00:00,29.33,80.1,India,medium
2012-05-25 00:00:00,-16.5539,145.3773,Australia,medium
2016-03-11 23:00:00,38.5117,-122.9237,United States,medium
2007-08-23 00:00:00,39.9378,124.6807,North Korea,medium
2013-01-03 04:00:00,47.93826839,-122.3097015,United States,medium
2014-11-14 00:00:00,28.2724,83.7412,Nepal,small
2016-10-20 00:00:00,15.3587,-61.2765,Dominica,medium
2008-06-02 06:00:00,10.33602912,123.8359355,Philippines,medium
2014-07-22 00:00:00,-7.3379,108.2004,Indonesia,small
2013-07-07 00:00:00,31.703,76.936,India,medium
2007-08-11 00:00:00,0.5,34.85,Kenya,medium
2016-06-26 00:00:00,18.241,73.4469,India,small
2015-09-01 00:00:00,26.1868,91.6739,India,medium
2011-06-21 00:00:00,25.51614662,94.2341227,India,medium
2010-03-30 15:00:00,41.5663,-72.6667,United States,small
2016-03-20 00:00:00,33.9861,73.8369,Pakistan,small
2012-12-11 08:00:00,-4.254,103.049,Indonesia,medium
2007-05-25 00:00:00,28.9973,101.5333,China,medium
2015-02-07 00:00:00,49.7715,-116.9091,Canada,small
2013-01-03 00:00:00,-6.9675,107.888,Indonesia,medium
2008-04-29 00:00:00,44.4175,-71.6923,United States,small
2013-04-26 00:00:00,34.2946,75.4832,India,medium
2008-08-08 00:00:00,38.9749,-110.15,United States,small
2015-03-04 00:00:00,37.8343,-82.4048,United States,small
2014-09-18 00:00:00,44.6901,22.4154,Serbia,medium
2009-04-15 09:00:00,40.7676,-111.7669,United States,small
2016-05-22 15:00:00,30.306,78.0648,India,small
2016-03-13 00:00:00,38.5374,-122.6475,United States,medium
2012-12-27 00:00:00,51.6014,-3.3425,United Kingdom,medium
2014-07-23 03:30:00,14.7559,121.2024,Philippines,small
2014-12-12 00:00:00,34.4499,-119.8538,United States,small
2009-11-28 00:00:00,51.0389,-2.2781,United Kingdom,medium
2014-05-18 16:30:00,18.3806,-66.3319,Puerto Rico,small
2013-08-01 08:00:00,30.5279,-87.9085,United States,small
2007-08-18 00:00:00,43.596,-91.2256,United States,medium
2012-11-30 00:00:00,37.5534,-122.026,United States,medium
2016-10-02 00:00:00,-38.3932,143.0792,Australia,small
2012-08-15 00:00:00,27.9783,84.8982,Nepal,medium
2007-08-31 00:00:00,25.1333,93.9667,India,medium
2013-08-09 23:00:00,38.854,-104.9342,United States,medium
2007-08-26 00:00:00,25.5576,91.8506,India,medium
2015-01-05 09:40:00,47.3042,-123.1553,United States,medium
2008-08-12 00:00:00,14.229,74.8122,India,small
2013-12-19 16:15:00,33.0375,-116.8331,United States,small
2007-12-03 00:00:00,47.0568,-123.0135,United States,medium
2014-08-15 00:00:00,30.1176,78.7472,India,medium
2011-04-08 00:00:00,41.4671,-81.8242,United States,small
2007-07-16 00:00:00,27.1499,88.38,India,medium
2011-07-19 23:00:00,28.2636,83.9724,Nepal,medium
2009-09-17 00:00:00,27.1954,88.6115,India,medium
2011-09-25 00:00:00,27.891,85.149,Nepal,medium
2013-09-10 07:30:00,35.2588,-111.6179,United States,medium
2011-07-21 00:00:00,34.0982,104.3024,China,medium
2008-03-13 00:00:00,-2.233,101.4173,Indonesia,medium
2013-04-29 00:00:00,39.485,-82.079,United States,medium
2015-08-20 00:00:00,22.2092,92.1868,,medium
2013-01-13 00:00:00,38.0145,-84.4953,United States,medium
2015-12-11 00:00:00,38.2897,-120.5983,United States,medium
2011-08-11 00:00:00,40.498,-80.302,United States,small
2014-10-28 00:00:00,56.2238,-4.847,United Kingdom,small
2014-06-18 23:00:00,-34.1192,18.4545,South Africa,small
2007-07-21 00:00:00,38.0,73.0,Tajikistan,medium
2012-12-29 13:00:00,0.4695,35.6128,Kenya,large
2011-02-28 03:00:00,47.7246,-122.2811,United States,medium
2007-01-05 00:00:00,33.5452,73.7062,Pakistan,medium
2008-08-16 00:00:00,53.1468,-7.2068,Ireland,medium
2008-06-02 00:00:00,0.4406,35.7774,Kenya,large
2007-03-12 00:00:00,34.0935,74.9112,India,medium
2008-08-14 00:00:00,27.163,94.0,India,medium
2015-02-07 00:00:00,49.7022,-116.9114,Canada,small
2016-04-26 00:00:00,44.413,-103.8842,United States,small
2007-05-19 00:00:00,43.1083,23.6083,Bulgaria,medium
2013-04-21 00:00:00,-0.5605,37.0488,Kenya,large
2014-06-27 00:00:00,26.1619,91.7697,India,small
2012-10-31 00:00:00,49.1606,-122.5288,Canada,small
2007-09-08 00:00:00,25.0604,93.9877,India,medium
2007-10-15 00:00:00,15.6045,107.9408,Vietnam,medium
2007-09-07 00:00:00,27.0667,89.5833,Bhutan,medium
2013-04-07 09:21:00,48.2632,-124.3011,United States,medium
2015-12-11 00:00:00,38.2897,-120.5983,United States,medium
2014-12-28 14:30:00,47.9899,-122.3635,United States,small
2007-05-07 00:00:00,19.2675,104.8433,Vietnam,large
2013-05-26 00:00:00,19.9006,-99.3417,Mexico,large
2010-02-06 03:30:00,34.2219,-118.2286,United States,small
2008-05-09 00:00:00,-41.5877,175.2362,New Zealand,medium
2012-12-02 00:00:00,42.899,-124.0854,United States,medium
2012-02-05 10:00:00,47.3927,-123.1452,United States,small
2012-01-27 00:00:00,39.0979,-84.561,United States,small
2013-07-16 18:00:00,37.9693,-107.9697,United States,medium
2007-01-05 00:00:00,-23.2311,-46.6136,Brazil,medium
2011-02-20 00:00:00,42.9651,-123.8152,United States,medium
2014-08-27 16:00:00,7.9035,125.3449,Philippines,medium
2013-08-19 17:00:00,35.5834,-118.5328,United States,small
2013-06-24 00:00:00,23.2693,56.4742,Oman,medium
2011-08-27 00:00:00,10.6468,122.2416,Philippines,small
2014-08-06 00:00:00,38.4575,-118.6757,United States,medium
2017-07-05 19:39:00,29.88884727,80.56522226,,medium
2009-09-21 08:00:00,34.977,-85.3665,United States,medium
2007-05-20 00:00:00,42.6452,23.2109,Bulgaria,medium
2006-01-06 08:00:00,47.7017,-122.392,United States,small
2008-01-19 00:00:00,36.3167,138.4333,Japan,medium
2008-09-08 08:00:00,36.23,111.38,China,medium
2013-07-28 00:00:00,20.9629,107.0722,Vietnam,medium
2008-12-22 00:00:00,48.3438,-124.518,United States,small
2009-10-16 00:00:00,39.55,-123.4246,United States,small
2013-01-24 00:00:00,-2.9591,-79.6754,Ecuador,large
2016-08-06 09:00:00,22.2106,-159.4773,United States,small
2011-07-04 19:30:00,40.4248,-79.9369,United States,small
2011-07-25 00:00:00,13.7084,123.2388,Philippines,medium
2013-07-12 15:00:00,36.2629,-115.6158,United States,medium
2008-03-06 00:00:00,34.0312,-118.4309,United States,small
2014-06-22 03:00:00,9.9983,76.7329,India,medium
2015-03-27 08:30:00,47.3765,-122.3241,United States,medium
2013-08-28 23:00:00,-33.9038,19.1565,South Africa,small
2008-12-06 00:00:00,55.7496,-2.1046,United Kingdom,small
2012-11-28 00:00:00,52.6041,-2.4063,United Kingdom,medium
2011-07-01 00:00:00,27.7,83.45,Nepal,medium
2007-08-07 00:00:00,32.677,109.0241,China,medium
2015-04-09 00:00:00,33.4418,-117.6454,United States,small
2013-02-18 00:00:00,-8.198,115.1374,Indonesia,medium
2008-05-13 00:00:00,9.2903,123.26,Philippines,medium
2014-06-12 00:00:00,42.046,43.4965,Georgia,small
2015-03-01 04:30:00,34.1033,-119.0802,United States,medium
2012-11-25 00:00:00,9.36,-79.9001,Panama,medium
2008-08-30 00:00:00,28.03,84.2945,Nepal,medium
2007-11-04 00:00:00,17.39,-93.306,Mexico,very_large
2016-03-07 00:00:00,38.7839,-84.9013,United States,small
2007-10-12 00:00:00,37.5789,-122.5168,United States,medium
2008-08-29 00:00:00,27.05,90.8,Bhutan,medium
2008-04-05 00:00:00,33.9337,74.9985,India,medium
2013-06-07 00:00:00,49.1573,13.9553,Czech Republic,medium
2014-07-02 09:00:00,31.7293,-106.5152,Mexico,small
2013-04-03 00:00:00,39.2376,-8.6859,Portugal,large
2013-01-16 12:45:00,5.852,118.0556,Malaysia,medium
2016-03-14 00:00:00,38.7164,-123.3974,United States,medium
2015-12-01 00:00:00,18.4313,-77.1919,Jamaica,medium
2013-07-18 23:00:00,28.2782,84.2758,Nepal,medium
2013-01-03 00:00:00,-7.3357,108.7275,Indonesia,medium
2011-08-12 00:00:00,28.8665,79.5682,India,large
2014-07-17 14:45:00,31.5751,103.7281,China,medium
2010-04-15 00:00:00,26.0462,68.2767,Pakistan,medium
2016-10-16 00:00:00,16.7132,120.9868,Philippines,medium
2007-09-17 00:00:00,39.5542,-107.5798,United States,medium
2016-10-16 15:00:00,37.6141,-119.076,United States,medium
2011-07-22 23:00:00,51.2585,-116.722,Canada,medium
2008-12-26 00:00:00,45.2944,-122.3279,United States,medium
2016-10-07 00:00:00,-40.9345,145.6226,Australia,medium
2013-05-15 08:45:00,53.0586,-3.0939,United Kingdom,medium
2010-12-29 00:00:00,36.1435,-121.6551,United States,small
2013-01-09 04:30:00,47.5827,-122.4027,United States,medium
2015-09-27 00:00:00,14.6268,-90.4842,Guatemala,medium
2011-06-22 00:00:00,37.8107,-83.8069,United States,medium
2012-11-27 00:00:00,54.4874,-0.6136,United Kingdom,medium
2012-11-18 00:00:00,-6.9085,106.9284,Indonesia,medium
2009-04-07 15:00:00,36.2476,-121.7817,United States,small
2007-09-15 00:00:00,29.5333,80.4333,Nepal,medium
2011-01-17 00:00:00,60.3751,6.477,Norway,medium
2016-08-07 00:00:00,36.5221,-81.8103,United States,small
2008-02-01 00:00:00,1.0172,122.1997,Indonesia,medium
2007-01-17 00:00:00,8.6184,125.6732,Philippines,medium
2013-01-09 00:00:00,56.3656,-3.4468,United Kingdom,medium
2015-10-01 21:30:00,14.5755,-90.4959,Guatemala,medium
2008-08-30 00:00:00,28.089,84.4125,Nepal,medium
2013-04-20 00:00:00,35.005,137.9084,Japan,medium
2010-12-28 22:30:00,37.57,-122.515,United States,small
2008-05-28 00:00:00,39.3707,-106.7839,United States,small
2016-05-15 00:00:00,41.3431,72.9293,Kyrgyzstan,medium
2016-07-15 23:00:00,27.5138,87.8086,Nepal,medium
2007-03-21 00:00:00,28.3667,82.1667,Nepal,medium
2015-05-30 00:00:00,34.2607,75.4446,India,small
2015-03-17 00:00:00,42.3377,23.0879,Bulgaria,medium
2013-06-16 00:00:00,30.6738,77.3544,India,medium
2007-09-20 00:00:00,10.6,122.6167,Philippines,medium
2011-08-01 00:00:00,41.7497,-77.299,United States,small
2015-11-12 00:00:00,41.3596,41.68,Turkey,medium
2007-09-10 00:00:00,24.2451,94.0691,India,medium
2008-02-27 00:00:00,-8.0333,111.4,Indonesia,medium
2014-07-10 13:00:00,65.9794,-21.4541,Iceland,small
2015-12-09 00:00:00,47.5857,-120.682,United States,medium
2007-09-09 00:00:00,15.3055,-61.3642,Dominica,medium
2014-06-19 05:00:00,23.0206,113.1213,China,small
2007-07-25 00:00:00,57.7856,-152.4346,United States,medium
2013-04-17 00:00:00,-1.0828,35.8666,Kenya,medium
2013-05-13 00:00:00,18.3477,-64.7736,U.S. Virgin Islands,medium
2013-01-08 23:00:00,-18.0208,178.515,Fiji,medium
2007-06-25 00:00:00,15.8294,78.0501,India,medium
2013-06-18 00:00:00,28.2265,82.553,Nepal,medium
2013-11-22 08:00:00,6.9894,122.1187,Philippines,medium
2013-01-15 00:00:00,35.519,-83.1598,United States,medium
2012-02-22 00:00:00,44.4291,-124.048,United States,small
2008-08-23 00:00:00,38.498,-106.08,United States,small
2010-08-08 00:00:00,35.2227,72.4258,Pakistan,medium
2014-12-28 09:30:00,47.9277,-122.309,United States,small
2012-11-10 20:30:00,3.4267,101.7926,Malaysia,medium
2008-08-08 00:00:00,31.13,77.09,India,medium
2007-09-11 00:00:00,29.8496,80.5544,Nepal,medium
2012-11-28 00:00:00,8.4683,-73.2843,Colombia,large
2012-06-15 00:00:00,6.0366,7.0888,Nigeria,medium
2012-11-21 17:00:00,-6.5097,106.7959,Indonesia,medium
2014-09-07 00:00:00,7.1733,124.2185,Philippines,small
2013-07-10 04:30:00,30.3629,79.2143,India,medium
2015-10-16 23:00:00,14.5742,-87.7286,Honduras,medium
2011-02-11 00:00:00,44.1447,39.0616,Russia,medium
2016-01-17 15:00:00,35.6253,-82.5166,United States,small
2008-04-16 00:00:00,18.4054,-77.1007,Jamaica,medium
2016-11-12 15:00:00,-41.286411,174.769403,,small
2014-08-27 00:00:00,27.8868,85.5107,Nepal,medium
2014-06-26 00:00:00,49.9747,-94.3946,Canada,small
2008-03-24 00:00:00,40.5573,-80.707,United States,small
2015-02-24 00:00:00,-38.1543,145.11,Australia,small
2015-09-06 15:00:00,14.7568,-91.1338,Guatemala,medium
2013-05-26 00:00:00,35.8562,74.5101,Pakistan,medium
2008-06-06 00:00:00,22.6214,114.0818,China,medium
2010-06-04 00:00:00,36.3128,74.6511,Pakistan,medium
2008-04-16 00:00:00,-0.9672,100.4322,Indonesia,medium
2016-04-26 12:30:00,43.513,-108.1842,United States,small
2008-02-21 00:00:00,13.6944,123.7851,Philippines,medium
2015-09-01 00:00:00,26.49349035,91.72137514,India,medium
2014-06-25 00:00:00,40.7918,-77.7785,United States,small
2016-05-29 09:00:00,6.0103,80.362,Sri Lanka,small
2016-07-15 23:00:00,63.51315907,-149.978032,United States,medium
2013-03-25 08:00:00,-6.9889,107.4471,Indonesia,large
2011-06-13 08:00:00,29.6491,94.3615,China,medium
2007-06-24 00:00:00,23.4535,120.4256,Taiwan,medium
2012-10-25 00:00:00,14.5894,121.07,Philippines,medium
2013-06-16 00:00:00,42.5889,-74.32,United States,small
2015-03-17 00:00:00,43.2693,28.0252,Bulgaria,medium
2014-06-28 15:00:00,28.0436,103.9743,China,medium
2007-12-26 00:00:00,-7.6213,109.547,Indonesia,large
2007-02-04 00:00:00,50.1067,-122.9765,Canada,medium
2011-07-17 00:00:00,6.2069,7.0678,Nigeria,medium
2008-04-08 00:00:00,40.5531,-80.0726,United States,small
2012-12-24 01:30:00,-0.8021,100.6444,Indonesia,medium
2016-03-20 00:00:00,25.4075,110.375,China,medium
2012-10-21 09:00:00,11.338,76.8806,India,medium
2010-07-31 09:00:00,24.9356,93.8443,India,medium
2014-10-09 00:00:00,11.1297,-84.7783,Nicaragua,medium
2014-02-05 09:00:00,38.1181,-83.5162,United States,medium
2015-09-24 00:00:00,14.6,-88.9144,Honduras,small
2014-10-14 23:00:00,15.309,-88.551,Honduras,medium
2007-08-08 00:00:00,16.4357,120.5763,Philippines,medium
2011-06-20 20:30:00,27.0638,88.4659,India,medium
2009-01-07 09:00:00,46.5455,-122.0818,United States,medium
2008-01-03 00:00:00,4.6401,114.4396,Brunei,small
2014-08-04 00:00:00,43.7777,-115.5106,United States,medium
2010-06-07 00:00:00,24.7543,93.5039,India,medium
2012-11-18 00:00:00,46.3662,-123.8109,United States,medium
2013-01-15 00:00:00,35.8269,-82.5494,United States,medium
2007-10-09 00:00:00,9.7789,-84.125,Costa Rica,medium
2007-08-12 00:00:00,29.57990613,80.50476155,Nepal,medium
2013-05-08 00:00:00,0.8734,36.0893,Kenya,medium
2007-10-28 00:00:00,13.7,124.35,Philippines,large
2011-06-05 00:00:00,39.5676,-105.9334,United States,medium
2014-09-05 18:00:00,34.1093,73.9067,Pakistan,medium
2007-07-17 00:00:00,54.8226,-5.9506,United Kingdom,small
2015-06-19 00:00:00,23.7131,92.7362,India,medium
2013-08-16 00:00:00,26.3897,94.9439,India,medium
2007-11-06 00:00:00,35.978,103.685,China,medium
2015-09-04 00:00:00,43.6091,-115.2605,United States,medium
2013-09-24 15:00:00,-15.999,-67.5836,Bolivia,medium
2008-03-10 00:00:00,40.4041,-79.7822,United States,small
2013-09-06 00:00:00,51.0086,-116.4885,Canada,small
2015-08-19 00:00:00,25.1416,92.3807,India,small
2007-07-20 00:00:00,51.4536,-1.3166,United Kingdom,small
2007-10-18 00:00:00,45.2729,-122.6717,United States,small
2015-12-09 00:00:00,47.7124,-122.1839,United States,medium
2015-08-19 00:00:00,25.0728,92.3636,India,medium
2008-01-17 00:00:00,-16.4652,179.3942,Fiji,medium
2015-06-13 09:00:00,14.0468,-87.1528,Honduras,medium
2007-09-09 00:00:00,10.0,-84.1167,Costa Rica,medium
2014-05-14 00:00:00,33.2394,75.2405,India,small
2007-08-23 00:00:00,17.1167,100.8333,Thailand,medium
2012-12-29 13:00:00,0.4671,35.5333,Kenya,large
2016-10-18 00:00:00,-5.8673,145.0996,Papua New Guinea,medium
2007-05-04 00:00:00,35.625,65.7424,Afghanistan,medium
2016-07-22 00:00:00,46.27197927,7.599044836,Switzerland,large
2007-03-28 09:00:00,45.5113,-122.7069,United States,small
2016-03-26 00:00:00,34.9376,70.754,Afghanistan,medium
2015-03-21 00:00:00,42.2481,22.8963,Bulgaria,medium
2015-11-22 09:00:00,-0.2751,100.2804,Indonesia,medium
2013-05-19 00:00:00,34.3426,-84.0226,United States,medium
2014-05-04 00:00:00,11.3403,76.8267,India,small
2017-05-05 13:22:00,39.28598942,-77.54963507,,small
2008-02-23 00:00:00,7.1633,125.8992,Philippines,medium
2013-10-18 09:00:00,30.5345,79.0853,India,medium
2013-06-01 00:00:00,44.3507,-103.7826,United States,small
2007-04-14 00:00:00,45.3226,-73.7771,Canada,small
2012-08-15 01:00:00,7.9007,123.7741,Philippines,large
2007-09-08 00:00:00,28.2333,83.9533,Nepal,large
2008-08-09 00:00:00,9.833,-3.1,Burkina Faso,large
2016-10-18 06:45:00,5.3491,100.2521,Malaysia,small
2014-07-18 09:00:00,28.3048,83.6011,Nepal,small
2013-02-13 00:00:00,-32.8224,-69.9146,Argentina,medium
2012-11-30 00:00:00,47.5685,-122.4055,United States,medium
2013-05-07 00:00:00,35.4299,-82.2055,United States,medium
2011-07-18 23:00:00,37.9478,-107.8548,United States,small
2007-09-07 00:00:00,26.8833,88.2833,India,medium
2015-11-08 00:00:00,41.3842,-124.0682,United States,medium
2008-06-13 10:20:00,37.7356,111.3054,China,large
2014-04-27 00:00:00,44.871,-122.6445,United States,small
2012-12-29 13:00:00,1.0835,35.4707,Kenya,large
2013-06-17 00:00:00,29.5193,80.4687,Nepal,medium
2013-05-08 03:00:00,3.1621,101.684,Malaysia,medium
2008-09-02 00:00:00,27.7649,87.199,Nepal,medium
2011-08-08 00:00:00,22.2009,92.2168,Bangladesh,medium
2013-01-28 19:00:00,7.4166,126.0011,Philippines,medium
2011-01-13 00:00:00,47.9433,-122.1879,United States,small
2012-01-19 17:00:00,41.0555,-124.1271,United States,small
2013-05-16 00:00:00,25.3919,114.8246,China,large
2008-04-28 00:00:00,-7.6667,111.117,Indonesia,large
2013-08-19 17:00:00,35.4608,-118.7773,United States,medium
2013-07-18 00:00:00,40.3364,-105.6744,United States,medium
2012-12-05 00:00:00,44.8993,-123.1155,United States,medium
2011-07-08 00:00:00,32.3237,77.1935,India,medium
2013-09-05 00:00:00,22.3145,104.095,Vietnam,very_large
2012-01-11 00:00:00,40.4376,-80.0176,United States,small
2017-04-06 13:19:00,-41.32446098,174.7660073,,small
2013-07-06 00:00:00,43.0091,-75.0289,United States,small
2013-06-18 08:00:00,12.8446,75.2476,India,medium
2008-03-07 00:00:00,10.7349,122.9747,Philippines,medium
2015-12-18 00:00:00,13.9716,121.9162,Philippines,medium
2008-06-14 00:00:00,27.0998,93.6287,India,large
2014-07-22 05:30:00,33.2395,75.2406,India,small
2015-11-27 00:00:00,41.6507,14.5982,Italy,small
2013-05-11 00:00:00,26.1771,91.7599,India,medium
2016-02-22 00:00:00,37.4082,-81.4261,United States,small
2014-11-08 14:00:00,49.1797,-121.7407,Canada,small
2014-06-19 23:00:00,28.0054,82.68,Nepal,medium
2015-12-29 00:00:00,35.8736,-93.9131,United States,small
2015-02-07 18:00:00,47.9196,-122.315,United States,medium
2012-04-05 14:00:00,-6.9959,107.5044,Indonesia,medium
2016-02-23 00:00:00,37.4096,-81.4268,United States,small
2012-03-29 22:00:00,42.6118,-124.3924,United States,small
2015-08-09 00:00:00,31.6916,76.5102,India,small
2008-09-18 00:00:00,27.137,103.95,China,medium
2014-06-01 23:00:00,6.6206,80.1721,Sri Lanka,medium
2013-08-01 00:00:00,27.8837,93.0515,India,medium
2015-06-10 23:00:00,13.9719,-84.6701,Nicaragua,small
2007-08-11 00:00:00,30.0702,78.3027,India,medium
2011-07-19 00:00:00,27.05374234,88.42572376,India,medium
2016-07-07 00:00:00,47.1496,-68.9434,United States,medium
2007-08-25 00:00:00,4.8525,100.7943,Malaysia,medium
2015-12-07 00:00:00,10.2288,77.4767,India,medium
2007-08-29 00:00:00,33.5667,107.9833,China,medium
2007-09-07 00:00:00,15.5063,73.8362,India,medium
2012-08-15 00:00:00,16.4034,120.5962,Philippines,medium
2015-12-18 00:00:00,44.0434,-124.0743,United States,medium
2013-04-08 12:00:00,47.88901904,-122.3275065,United States,medium
2009-11-10 09:00:00,35.0819,-84.5287,United States,medium
2008-09-22 00:00:00,30.7,77.08,India,medium
2015-07-10 00:00:00,39.0712,70.4275,Tajikistan,medium
2015-09-27 00:00:00,14.6217,-90.4956,Guatemala,medium
2011-09-01 06:25:00,25.4549,119.0076,China,medium
2007-10-31 00:00:00,18.2152,-76.9659,Jamaica,medium
2012-10-31 04:30:00,49.1504,-122.4926,Canada,small
2007-09-10 00:00:00,23.8917,90.9733,Bangladesh,medium
2015-09-27 00:00:00,14.6317,-90.4792,Guatemala,medium
2013-01-07 00:00:00,47.946,-122.3049,United States,medium
2007-11-26 00:00:00,18.5038,120.9096,Philippines,medium
2012-04-13 09:00:00,37.8298,-122.2272,United States,small
2015-02-10 15:00:00,47.7518,-122.3813,United States,medium
2007-08-26 00:00:00,25.2946,92.8339,India,medium
2015-08-10 17:20:00,-41.2865,174.7533,New Zealand,small
2013-09-05 00:00:00,21.2228,104.0836,Vietnam,very_large
2010-05-31 16:30:00,14.836,120.2761,Philippines,medium
2009-11-14 00:00:00,58.2977,-134.4003,United States,small
2013-05-07 00:00:00,36.731,-83.5619,United States,medium
2007-08-12 00:00:00,32.0985,76.2665,India,large
2011-08-03 00:00:00,37.8121,-107.6645,United States,medium
2015-12-21 09:00:00,44.1705,-124.0874,United States,small
2014-05-21 00:00:00,42.2261,-87.8107,United States,small
2012-12-02 00:00:00,36.9933,-122.0206,United States,medium
2015-12-08 00:00:00,46.0472,-122.8382,United States,small
2012-11-25 00:00:00,-7.4576,107.9608,Indonesia,medium
2016-10-19 00:00:00,-6.0356,144.9513,Papua New Guinea,medium
2014-07-19 05:00:00,30.4305,78.0803,India,small
2015-09-27 00:00:00,14.6297,-90.5025,Guatemala,medium
2007-08-19 00:00:00,43.6796,-91.2194,United States,medium
2013-06-18 00:00:00,27.8196,85.2114,Nepal,medium
2014-12-30 17:30:00,4.5791,101.3882,Malaysia,medium
2012-12-26 04:00:00,10.47892965,125.0030939,Philippines,medium
2012-12-01 00:00:00,47.8205,-122.2813,United States,medium
2016-08-07 00:00:00,37.4198,-107.8385,United States,medium
2007-09-05 00:00:00,33.1662,75.3098,India,medium
2013-01-03 00:00:00,1.1837,124.53,Indonesia,medium
2008-05-14 00:00:00,9.2404,123.2211,Philippines,medium
2016-01-15 17:00:00,38.9226,-121.0257,United States,small
2011-07-03 00:00:00,10.3606,-67.3097,Venezuela,medium
2011-03-02 00:00:00,41.1204,-76.1398,United States,medium
2007-06-25 00:00:00,16.6252,80.6128,India,medium
2014-05-01 02:15:00,40.8478,-73.6527,United States,small
2011-08-12 00:00:00,27.44,92.2833,India,medium
2014-04-16 00:00:00,46.3428,-61.0951,Canada,small
2013-07-31 23:00:00,34.5117,-84.444,United States,medium
2007-12-26 00:00:00,2.011,112.943,Malaysia,medium
2008-08-06 00:00:00,37.59,-105.248,United States,small
2011-06-11 00:00:00,39.1186,-84.4826,United States,medium
2012-12-25 00:00:00,57.3529,-5.5513,United Kingdom,medium
2013-05-09 10:22:00,30.3818,102.8154,China,medium
2013-02-12 23:00:00,53.5947,-1.0083,United Kingdom,medium
2014-04-16 21:30:00,-41.2941,174.7855,New Zealand,small
2012-03-29 19:30:00,42.6439,-124.4077,United States,small
2015-11-21 00:00:00,3.2231,98.5297,Indonesia,medium
2008-06-18 00:00:00,14.651,-90.5403,Guatemala,medium
2014-04-06 18:30:00,38.6914,-85.2366,United States,small
2014-10-20 00:00:00,14.7836,-91.1836,Guatemala,small
2013-07-14 18:00:00,-41.1274,146.1258,Australia,medium
2014-07-27 00:00:00,43.6698,40.298,Russia,small
2013-08-12 16:45:00,10.43,123.9115,Philippines,medium
2013-09-05 23:00:00,48.5035,-120.7111,United States,large
2014-08-13 19:00:00,43.8807,-115.7367,United States,small
2015-03-24 00:00:00,44.0772,-122.7348,United States,small
2008-06-08 00:00:00,22.2139,-159.5233,United States,small
2015-09-27 00:00:00,14.6281,-90.5065,Guatemala,medium
2009-04-08 08:00:00,35.3561,-85.2314,United States,small
2015-03-06 00:00:00,44.2613,18.024,Bosnia and Herzegovina,medium
2008-01-03 00:00:00,29.5524,106.5458,China,small
2013-04-27 00:00:00,-1.1679,36.6905,Kenya,medium
2015-12-21 09:00:00,44.1646,-124.0097,United States,medium
2013-05-07 00:00:00,35.5429,-82.7938,United States,medium
2015-05-02 00:00:00,11.9013,-86.06,Nicaragua,large
2015-09-02 00:00:00,57.5051,-3.4067,United Kingdom,medium
2013-04-18 00:00:00,40.6549,-89.5569,United States,small
2011-09-20 15:00:00,15.8076,-91.3148,Guatemala,large
2010-10-05 00:00:00,15.5918,-61.3731,Dominica,medium
2013-03-21 10:30:00,47.8634,-122.282,United States,medium
2015-12-09 00:00:00,47.7124,-122.1839,United States,medium
2014-07-13 00:00:00,46.8769,7.289,Switzerland,small
2011-07-19 00:00:00,39.6492,-106.5372,United States,small
2013-03-17 08:00:00,-2.5015,140.7206,Indonesia,medium
2010-02-08 00:00:00,36.2585,-85.0777,United States,small
2011-07-08 00:00:00,57.5291,-4.1018,United Kingdom,small
2011-07-01 00:00:00,27.6264,83.3789,Nepal,medium
2007-11-23 00:00:00,-9.0087,148.1139,Papua New Guinea,large
2015-03-09 15:00:00,37.4774,-86.9225,United States,medium
2008-06-16 00:00:00,41.942,-75.2291,United States,small
2014-07-15 16:30:00,38.5064,-106.0795,United States,medium
2013-07-21 00:00:00,10.2976,123.8654,Philippines,medium
2010-10-14 19:30:00,31.5158,78.2619,India,medium
2007-11-22 00:00:00,28.1223,-15.441,Spain,small
2007-10-19 00:00:00,6.043,116.4453,Malaysia,medium
2012-10-22 09:00:00,10.077,76.322,India,medium
2015-08-29 00:00:00,45.2824,-122.3327,United States,medium
2013-02-22 00:00:00,8.4966,123.3034,Philippines,medium
2013-05-11 09:00:00,23.7281,92.7175,India,large
2012-12-11 17:00:00,-6.8026,106.5218,Indonesia,medium
2015-12-28 18:00:00,33.2334,-86.5292,United States,medium
2007-12-03 10:00:00,49.3,-123.1341,Canada,small
2011-04-05 00:00:00,46.19,-123.1258,United States,medium
2010-01-08 00:00:00,44.7,18.31,Bosnia and Herzegovina,medium
2009-04-15 08:50:00,47.4412,-121.9607,United States,small
2010-02-18 00:00:00,50.6314,-3.6395,United Kingdom,small
2014-06-24 00:00:00,15.0771,-91.0096,Guatemala,medium
2011-02-05 00:00:00,35.5288,-83.1002,United States,medium
2010-08-13 00:00:00,30.8522,76.991,India,medium
2015-11-11 09:00:00,28.1281,83.3841,Nepal,medium
2015-11-24 00:00:00,14.4758,-90.5312,Guatemala,small
2008-08-18 00:00:00,8.8856,-75.7967,Colombia,medium
2008-08-04 00:00:00,35.7279,-106.715,United States,small
2011-04-29 12:00:00,-0.2633,-78.5061,Ecuador,medium
2007-07-01 00:00:00,21.0233,107.293,Vietnam,medium
2013-05-11 00:00:00,26.1016,91.6906,India,medium
2013-05-07 00:00:00,24.2315,92.6755,India,medium
2013-05-09 00:00:00,3.0994,101.677,Malaysia,medium
2008-08-29 00:00:00,27.499,87.106,Nepal,medium
2012-12-29 13:00:00,0.770421582,35.5656019,Kenya,large
2007-10-17 00:00:00,17.95,-76.35,Jamaica,medium
2007-09-11 00:00:00,11.0333,122.2,Philippines,medium
2016-09-25 00:00:00,-6.8628,107.9299,Indonesia,medium
2007-02-19 00:00:00,-7.28,110.141,Indonesia,large
2014-04-08 04:00:00,40.4381,-80.0176,United States,medium
2013-06-16 00:00:00,31.4551,78.1996,India,medium
2016-04-11 00:00:00,34.7976,70.977,Afghanistan,medium
2007-06-25 00:00:00,14.4702,78.8205,India,medium
2013-06-13 00:00:00,36.8406,-83.3765,United States,medium
2012-11-20 00:00:00,56.2265,-4.8568,United Kingdom,medium
2011-01-17 08:00:00,62.185,6.856,Norway,medium
2015-08-01 00:00:00,23.7736,94.1201,Myanmar [Burma],medium
2008-03-30 00:00:00,34.219,77.2665,India,medium
2016-04-13 23:00:00,-2.1162,-79.023,Ecuador,medium
2013-04-30 21:00:00,28.5529,-81.7737,United States,medium
2010-02-20 02:00:00,45.3334,26.3516,Romania,medium
2014-09-12 00:00:00,8.7636,-82.6342,Panama,small
2013-09-12 23:00:00,40.0116,-105.298,United States,medium
2012-12-20 00:00:00,-6.3551,106.8493,Indonesia,medium
2013-09-12 00:00:00,39.8958,-105.3357,United States,medium
2015-08-13 09:20:00,-39.9001,175.3072,New Zealand,medium
2007-06-25 00:00:00,16.9648,73.5189,India,medium
2014-12-20 11:30:00,14.664,-90.5164,Guatemala,medium
2014-07-21 00:00:00,36.4676,29.408,Turkey,medium
2008-01-24 00:00:00,51.5392,-2.3939,United Kingdom,medium
2007-08-04 00:00:00,30.6018,114.2584,China,medium
2014-12-03 00:00:00,32.7862,-116.8526,United States,small
2009-04-20 23:25:00,40.1162,-105.3896,United States,small
2013-08-17 00:00:00,31.0343,78.7248,India,medium
2011-08-11 04:30:00,32.737,74.876,India,medium
2007-11-09 00:00:00,15.3333,108.2167,Vietnam,medium
2011-07-19 00:00:00,33.6917,76.0412,India,medium
2016-04-28 00:00:00,-3.2342,102.2787,Indonesia,medium
2015-02-16 00:00:00,50.7401,-119.0225,Canada,small
2015-12-13 00:00:00,47.8146,-122.4974,United States,small
2015-04-20 00:00:00,6.7374,80.9568,Sri Lanka,large
2013-08-04 00:00:00,26.0838,94.564,India,medium
2010-01-18 15:00:00,47.9699,-123.4961,United States,small
2008-02-24 00:00:00,32.6751,109.0217,China,medium
2013-07-26 10:00:00,34.3006,105.8268,China,medium
2015-11-13 00:00:00,47.5328,-122.073,United States,large
2013-04-08 00:00:00,43.3135,12.3009,Italy,medium
2007-05-25 00:00:00,33.9334,105.2333,China,medium
2015-03-05 05:00:00,37.1306,-82.834,United States,medium
2014-05-16 00:00:00,51.2995,-117.5212,Canada,small
2007-08-31 00:00:00,28.0667,83.25,Nepal,medium
2008-02-13 00:00:00,11.3484,76.7937,India,medium
2016-05-12 00:00:00,40.4673,-106.8302,United States,small
2009-04-11 00:00:00,60.7771,-148.7315,United States,medium
2011-01-15 00:00:00,45.6047,-123.4845,United States,medium
2013-05-15 00:00:00,35.6357,-82.2434,United States,medium
2014-10-16 23:00:00,54.071,-4.7495,Isle of Man,small
2014-09-27 00:00:00,38.7763,-120.5737,United States,small
2013-04-07 00:00:00,28.8254,96.1509,India,medium
2013-01-11 09:00:00,27.4489,104.8748,China,very_large
2008-11-26 00:00:00,4.6951,96.7494,Indonesia,medium
2007-08-10 00:00:00,-41.7689,145.5473,Australia,small
2012-11-28 00:00:00,52.5471,-2.2783,United Kingdom,medium
2016-02-24 23:00:00,40.4377,-80.083,United States,small
2014-11-21 03:23:00,33.8256,-116.9762,United States,small
2011-07-05 10:40:00,34.265,108.9443,China,large
2014-09-06 00:00:00,32.9148,75.0556,India,medium
2011-07-05 00:00:00,18.878,102.9132,Australia,medium
2009-11-10 00:00:00,40.7477,13.913,Italy,medium
2007-02-11 00:00:00,-18.0167,177.55,Fiji,medium
2015-09-12 00:00:00,17.3112,-92.4393,Mexico,medium
2007-03-14 00:00:00,52.456,-2.4244,United Kingdom,small
2011-08-04 00:00:00,12.8836,120.9877,Philippines,large
2008-02-13 00:00:00,33.2418,75.242,India,medium
2012-05-28 08:00:00,23.9034,120.9334,Taiwan,medium
2012-02-16 08:00:00,20.7123,105.0378,Vietnam,medium
2014-11-30 00:00:00,34.0869,-119.0604,United States,small
2011-09-09 02:00:00,43.4317,83.2611,China,medium
2009-10-15 00:00:00,0.1739,30.0839,Uganda,small
2008-12-15 00:00:00,34.0814,-119.0308,United States,small
2011-03-15 00:00:00,45.7413,-123.1988,United States,medium
2008-03-22 00:00:00,21.85,108.45,China,large
2013-10-25 00:00:00,16.5175,80.6117,India,medium
2009-11-19 00:00:00,4.2333,100.6333,Malaysia,medium
2011-08-09 00:00:00,47.8024,-103.2814,United States,medium
2011-06-17 19:30:00,27.4885,88.4451,India,medium
2014-05-16 00:00:00,37.9425,-79.5653,United States,small
2015-08-22 19:00:00,23.1781,105.5054,Vietnam,medium
2016-10-15 00:00:00,27.1695,88.3664,India,medium
2014-07-28 16:00:00,39.7153,-111.769,United States,small
2015-03-04 00:00:00,37.64,-81.8769,United States,small
2014-07-20 00:00:00,29.2777,80.9871,Nepal,medium
2013-05-29 00:30:00,45.5833,-122.7689,United States,small
2008-04-11 22:30:00,30.6,110.3333,China,medium
2015-03-19 00:00:00,25.0318,92.4584,India,small
2011-07-16 20:00:00,7.6333,125.0167,Philippines,small
2013-06-01 04:30:00,-41.3233,174.7681,New Zealand,medium
2015-10-02 00:00:00,35.6542,-82.2454,United States,small
2011-07-01 00:00:00,27.7395,83.5753,Nepal,medium
2014-07-09 02:00:00,25.8497,99.3858,China,medium
2012-11-18 00:00:00,-7.0281,107.5121,Indonesia,medium
2008-12-13 00:00:00,50.7463,-3.0325,United Kingdom,small
2014-09-11 23:00:00,36.2665,74.6006,Pakistan,medium
2014-09-19 00:00:00,9.4359,-83.6303,Costa Rica,medium
2012-01-27 00:00:00,40.4257,-79.9113,United States,small
2008-09-06 00:00:00,7.375,125.87,Philippines,medium
2008-06-18 00:00:00,32.3712,77.2466,India,medium
2007-07-11 00:00:00,9.75,122.5,Philippines,medium
2014-07-27 09:00:00,28.6881,81.6309,Nepal,small
2007-11-30 00:00:00,33.0409,-117.1378,United States,small
2013-06-15 00:00:00,27.1418,87.7788,Nepal,medium
2008-09-10 00:00:00,15.323,73.974,India,medium
2014-10-13 16:30:00,55.4021,-131.72,United States,small
2012-10-21 00:00:00,4.5572,101.086,Malaysia,medium
2007-10-28 00:00:00,-22.8287,-45.2007,Brazil,medium
2011-09-01 06:45:00,32.2815,-64.7785,Bermuda,small
2014-01-05 23:00:00,19.0294,-97.0355,Mexico,medium
2015-11-04 00:00:00,13.7147,-89.3625,El Salvador,small
2007-07-07 00:00:00,35.3544,73.0208,Pakistan,medium
2013-08-18 00:00:00,30.6639,78.0574,India,medium
2013-09-12 00:00:00,39.8839,-105.3033,United States,medium
2014-07-28 00:00:00,15.2322,-90.2417,Guatemala,medium
2011-02-12 06:50:00,45.68817427,-122.7038316,United States,small
2015-01-29 09:00:00,-18.8468,47.4708,Madagascar,medium
2011-02-27 16:40:00,21.36945629,-157.7865241,United States,medium
2015-11-14 00:00:00,47.1017,-122.6066,United States,medium
2007-02-06 00:00:00,-6.25,106.1,Indonesia,medium
2016-03-14 00:00:00,38.5582,-123.0953,United States,small
2007-07-23 00:00:00,-1.824,121.5179,Indonesia,large
2013-06-17 00:00:00,30.3069,78.0169,India,medium
2007-10-28 00:00:00,56.1997,-4.823,United Kingdom,medium
2014-11-18 00:50:00,3.414,101.7863,Malaysia,medium
2014-04-08 16:00:00,45.49,-75.7628,Canada,small
2008-01-03 00:00:00,10.0374,125.2172,Philippines,medium
2012-11-24 00:00:00,50.463,-3.5251,United Kingdom,medium
2010-03-11 00:00:00,15.3356,-61.3312,Dominica,medium
2011-07-21 00:00:00,29.5194,80.469,Nepal,medium
2013-05-05 00:00:00,-1.6649,29.8353,Rwanda,medium
2010-08-04 06:15:00,47.6736,-120.2304,United States,medium
2010-12-26 06:30:00,21.5194,-158.2279,United States,small
2007-12-05 00:00:00,-6.7883,107.4435,Indonesia,medium
2016-10-04 23:00:00,6.2245,124.7128,Philippines,medium
2015-03-04 00:00:00,-6.4859,-76.3867,Peru,medium
2012-12-22 00:00:00,51.6228,-3.9437,United Kingdom,medium
2012-12-04 00:00:00,45.54,-122.6836,United States,medium
2008-11-12 00:00:00,8.8313,105.2523,Vietnam,medium
2016-01-15 15:00:00,36.741,-121.7749,United States,medium
2011-08-09 00:00:00,15.9841,120.2016,Philippines,medium
2013-05-31 09:00:00,27.7366,85.3305,Nepal,medium
2014-04-12 19:00:00,43.4825,-73.7946,United States,small
2011-08-03 00:00:00,46.4492,-92.162,United States,medium
2014-12-09 17:15:00,42.6469,-70.9368,United States,small
2016-06-07 23:00:00,27.8027,85.9149,Nepal,medium
2007-03-01 00:00:00,-8.6993,125.6723,East Timor,medium
2015-06-21 00:00:00,30.0261,78.6278,India,small
2010-10-04 14:00:00,34.2266,-118.0306,United States,small
2014-09-04 00:00:00,33.798,74.2562,India,medium
2007-10-05 00:00:00,32.4879,105.8453,China,large
2008-03-16 00:00:00,39.096,-84.2992,United States,small
2013-07-26 00:00:00,30.6539,78.3366,India,medium
2010-05-31 21:00:00,3.0965,101.657,Malaysia,medium
2007-01-14 00:00:00,36.3667,52.1042,Iran,large
2012-12-22 09:00:00,38.49,-122.1605,United States,medium
2013-07-31 23:00:00,34.463,-84.4759,United States,medium
2007-10-26 00:00:00,-4.3269,15.2962,Democratic Republic of the Congo,medium
2016-07-27 01:00:00,28.1855,83.6527,Nepal,medium
2015-01-05 00:00:00,46.7517,-121.9412,United States,medium
2011-03-01 08:00:00,45.5872,-122.7739,United States,small
2015-07-08 00:00:00,12.9455,75.7797,India,small
2007-08-12 00:00:00,32.7334,77.5914,India,medium
2015-12-15 00:00:00,13.2861,-87.0329,Honduras,small
2010-02-25 00:00:00,56.9577,-2.2031,United Kingdom,medium
2008-01-06 00:00:00,34.3932,73.4538,Pakistan,medium
2013-07-20 15:00:00,36.6918,-105.544,United States,medium
2016-07-16 00:00:00,30.3351,78.5113,India,small
2007-09-20 00:00:00,27.0875,88.4572,India,medium
2008-02-05 00:00:00,-6.4978,106.2839,Indonesia,medium
2014-06-29 23:00:00,41.9738,-91.6056,United States,small
2012-12-02 00:00:00,43.3197,-122.6816,United States,medium
2007-12-19 00:00:00,4.847,-74.7631,Colombia,large
2015-07-18 00:00:00,13.8464,-89.4502,El Salvador,small
2010-01-14 02:00:00,47.7346,-122.2851,United States,small
2008-02-20 00:00:00,14.9923,108.701,Vietnam,medium
2015-02-15 09:00:00,51.6446,-120.0755,Canada,small
2015-02-06 00:00:00,40.8786,-124.077,United States,medium
2007-05-28 00:00:00,38.5035,43.3948,Turkey,medium
2013-09-14 15:00:00,43.7521,-116.2885,United States,medium
2015-11-03 01:00:00,13.7178,-89.2685,El Salvador,medium
2013-07-14 00:00:00,31.673,76.5338,India,medium
2008-03-09 15:30:00,27.1936,99.4527,China,medium
2013-04-06 08:30:00,48.2632,-124.3011,United States,medium
2014-11-07 00:00:00,19.9053,-70.963,Dominican Republic,medium
2015-06-11 09:00:00,24.9016,91.8771,Bangladesh,small
2008-04-25 00:00:00,37.4947,70.4417,Afghanistan,medium
2011-08-31 00:00:00,28.6572,82.2345,Nepal,medium
2007-08-13 00:00:00,17.3895,78.499,India,medium
2008-06-20 00:00:00,35.7885,-92.9331,United States,small
2008-10-12 00:00:00,27.0167,78.1333,India,medium
2014-07-27 15:00:00,12.0138,124.8172,Philippines,medium
2016-08-31 00:00:00,20.857,-156.1603,United States,small
2015-09-27 00:00:00,14.6167,-90.6097,Guatemala,medium
2013-12-22 09:00:00,37.4046,-82.9083,United States,small
2008-01-22 00:00:00,53.792,-2.2389,United Kingdom,medium
2013-08-17 00:00:00,30.7292,78.4396,India,medium
2015-12-01 00:00:00,18.134,-76.4551,Jamaica,medium
2015-08-12 00:00:00,22.3256,103.6099,Vietnam,medium
2008-05-20 00:00:00,-18.0903,178.3623,Fiji,medium
2016-06-09 00:00:00,40.4985,49.3354,Azerbaijan,medium
2007-09-10 00:00:00,27.0971,90.4032,Bhutan,medium
2008-05-02 00:00:00,10.4014,123.8827,Philippines,medium
2014-05-01 00:00:00,39.2902,-76.6651,United States,small
2014-11-05 18:00:00,46.0155,8.8353,Switzerland,medium
2013-06-02 09:00:00,47.2185,8.8888,Switzerland,medium
2007-11-12 00:00:00,18.4,-77.2,Jamaica,medium
2007-04-21 00:00:00,-6.9667,110.4167,Indonesia,medium
2013-01-24 00:00:00,-2.5325,140.7117,Indonesia,medium
2015-12-17 23:00:00,-8.1262,115.1005,Indonesia,medium
2015-12-07 09:00:00,45.5346,-122.741,United States,small
2014-06-20 00:00:00,9.9454,98.6076,Thailand,small
2016-02-01 00:00:00,54.7369,-1.9876,United Kingdom,small
2015-02-06 00:00:00,48.3164,-118.7413,United States,small
2008-04-05 00:00:00,34.6861,73.1879,Pakistan,medium
2007-09-23 00:00:00,21.464,83.9462,India,medium
2007-07-21 00:00:00,23.9304,88.2374,India,medium
2014-07-10 05:00:00,24.9936,98.4927,China,small
2008-01-13 00:00:00,40.0074,117.1703,China,large
2015-02-25 00:00:00,49.8748,-118.0732,Canada,medium
2016-08-06 00:00:00,20.1353,-97.9307,Mexico,medium
2008-08-11 00:00:00,-3.3,128.4,Indonesia,medium
2016-08-04 00:00:00,17.3171,-62.796,Saint Kitts and Nevis,unknown
2014-03-05 09:00:00,47.2741,-122.2605,United States,small
2013-05-22 21:30:00,35.0972,-82.448,United States,medium
2013-06-24 00:00:00,43.1674,-91.1351,United States,medium
2014-04-04 00:00:00,38.689,-85.2388,United States,small
2008-02-16 00:00:00,-8.1513,111.7219,Indonesia,medium
2012-11-18 00:00:00,-6.8349,106.659,Indonesia,medium
2007-06-17 00:00:00,31.2912,112.188,China,medium
2009-09-12 00:00:00,8.742,76.8902,India,medium
2008-08-12 00:00:00,12.845,75.66,India,medium
2015-11-23 00:00:00,14.6881,-90.486,Guatemala,medium
2014-05-22 17:00:00,24.4025,114.922,China,medium
2013-02-23 00:00:00,7.82217276,126.1463682,Philippines,medium
2014-06-18 00:00:00,44.1547,-93.9816,United States,small
2014-10-09 00:00:00,11.5366,-85.622,Nicaragua,large
2016-10-14 00:00:00,45.4966,-123.677,United States,small
2015-05-18 03:00:00,5.9681,-76.0113,Colombia,large
2012-01-19 15:00:00,44.1228,-122.3953,United States,medium
2011-01-20 14:37:00,44.9235,-123.0549,United States,medium
2007-08-20 00:00:00,39.958,-80.7935,United States,small
2007-07-03 00:00:00,60.4279,9.398,Norway,medium
2008-08-26 00:00:00,35.4213,-82.2,United States,small
2008-08-09 00:00:00,15.15,74.11,India,medium
2014-05-25 00:00:00,39.1652,-107.8476,United States,very_large
2013-01-24 00:00:00,7.2195,125.465,Philippines,medium
2007-08-24 00:00:00,28.0877,83.0971,Nepal,medium
2007-10-31 00:00:00,17.9493,-92.5534,Mexico,medium
2013-07-10 13:30:00,37.9532,-104.9848,United States,medium
2008-01-06 00:00:00,33.1517,75.5464,India,medium
2007-04-24 00:00:00,42.4941,-96.4576,United States,small
2012-11-14 00:00:00,35.4401,-82.249,United States,medium
2015-12-08 18:30:00,-36.6184,146.8092,Australia,medium
2007-09-18 00:00:00,27.2872,88.2816,India,medium
2016-07-30 00:00:00,63.4281,-150.3516,United States,large
2013-08-01 00:00:00,39.5366,-111.1562,United States,small
2013-01-14 09:00:00,37.9745,-84.4985,United States,medium
2015-11-16 00:00:00,46.2128,-122.9199,United States,medium
2014-04-30 23:00:00,37.5457,-82.7778,United States,small
2013-01-02 15:00:00,-6.9046,107.1222,Indonesia,medium
2015-01-30 15:25:00,52.3545,-127.698,Canada,medium
2013-01-25 00:00:00,3.0194,101.6021,Malaysia,medium
2007-05-27 00:00:00,28.2668,103.5681,China,medium
2007-07-05 00:00:00,28.1952,83.6099,Nepal,medium
2016-03-11 00:00:00,38.4115,-122.8921,United States,medium
2012-03-30 00:00:00,40.2695,-124.2112,United States,small
2015-03-05 15:00:00,36.9972,-82.556,United States,small
2007-12-08 00:00:00,39.101,-84.822,United States,medium
2009-10-15 00:00:00,27.3144,89.545,Bhutan,small
2015-03-04 00:00:00,38.395,-81.5871,United States,small
2013-01-28 00:00:00,-7.7377,110.7387,Indonesia,medium
2007-11-13 22:00:00,11.1719,125.5245,Philippines,medium
2007-09-17 00:00:00,9.9242,123.1706,Philippines,medium
2014-07-13 00:00:00,27.9411,85.6838,Nepal,small
2007-09-08 00:00:00,23.9,99.0333,China,medium
2008-04-19 00:00:00,31.1667,110.85,China,large
2016-07-21 09:00:00,26.9015,88.4719,India,medium
2012-11-18 00:00:00,-6.952,106.4785,Indonesia,medium
2013-07-10 15:00:00,38.8759,-104.9362,United States,medium
2011-06-20 22:00:00,-42.4008,173.6814,New Zealand,medium
2007-10-25 00:00:00,11.7792,78.2034,India,medium
2007-09-20 00:00:00,7.364469237,126.0353778,Philippines,large
2016-07-17 09:00:00,20.8467,-156.1374,United States,medium
2007-12-03 00:00:00,47.6373,-122.3406,United States,medium
2007-11-04 00:00:00,13.7143,124.3807,Philippines,medium
2016-10-16 15:00:00,13.7934,102.8987,Cambodia,medium
2013-04-23 00:00:00,0.7793,-79.5864,Ecuador,large
2008-01-01 00:00:00,40.3916,-79.732,United States,small
2012-03-14 08:00:00,62.9218,10.1464,Norway,medium
2014-08-16 00:00:00,28.61209203,81.64645269,Nepal,large
2008-01-06 00:00:00,-8.1955,111.1038,Indonesia,medium
2014-04-09 09:00:00,39.2341,-84.3118,United States,small
2007-09-03 00:00:00,27.3258,86.087,Nepal,medium
2010-07-30 15:00:00,15.9517,73.9958,India,medium
2012-12-02 00:00:00,45.2462,-116.3322,United States,medium
2014-09-16 00:00:00,37.1422,-113.5043,United States,small
2008-01-03 00:00:00,10.3904,124.9851,Philippines,medium
2011-03-01 09:00:00,45.5118,-122.6866,United States,small
2007-11-25 00:00:00,17.75,121.25,Philippines,medium
2008-08-01 00:00:00,24.896,91.9022,Bangladesh,medium
2015-07-24 00:00:00,35.1807,76.0557,Pakistan,medium
2013-09-05 00:00:00,22.804,104.9877,Vietnam,very_large
2009-12-23 00:00:00,29.48,80.94,Nepal,medium
2007-02-11 00:00:00,4.4999,114.6667,Brunei,small
2016-08-16 00:00:00,16.345,120.6154,Philippines,medium
2010-03-22 17:00:00,-0.2613,100.7616,Indonesia,medium
2007-03-26 00:00:00,46.355,-122.5479,United States,medium
2014-12-22 00:00:00,37.7837,-122.5103,United States,medium
2007-09-07 00:00:00,27.5964,85.1114,Nepal,medium
2015-06-13 13:00:00,2.8696,-76.3034,Colombia,medium
2011-06-27 06:00:00,39.7956,-105.7643,United States,medium
2014-12-15 14:10:00,36.5763,-121.9112,United States,small
2011-02-13 00:00:00,49.1624,-123.8611,Canada,medium
2015-11-13 23:00:00,28.4712,119.8323,China,medium
2015-09-27 00:00:00,14.617,-90.4997,Guatemala,medium
2010-07-05 00:00:00,0.2318,109.1318,Indonesia,medium
2007-09-11 00:00:00,25.52,91.27,India,medium
2016-07-19 12:00:00,52.6843,-118.175,Canada,large
2008-06-07 00:00:00,26.7969,89.591,Bhutan,medium
2007-10-26 00:00:00,11.4046,76.6953,India,large
2012-11-27 00:00:00,18.1041,-76.414,Jamaica,medium
2012-10-25 00:00:00,14.5854,121.0709,Philippines,medium
2014-06-28 09:00:00,26.1964,91.7652,India,medium
2016-01-07 15:00:00,48.7583,-122.4967,United States,medium
2016-01-15 00:00:00,42.8629,-8.6238,Spain,small
2016-08-04 09:00:00,17.3165,-62.7955,Saint Kitts and Nevis,small
2011-07-31 00:00:00,-3.7053,128.1635,Indonesia,medium
2013-01-16 09:40:00,35.5898,-83.373,United States,medium
2013-06-24 15:00:00,30.4091,79.0579,India,medium
2014-12-21 00:00:00,1.8362,-76.9857,Colombia,large
2008-04-01 00:00:00,38.9716,-90.4312,United States,medium
2015-02-10 00:00:00,8.5121,-82.0513,Panama,medium
2013-05-27 00:00:00,39.7245,-91.3681,United States,medium
2007-09-05 00:00:00,27.06826195,88.28121204,India,medium
2016-02-18 15:00:00,45.8288,-115.6031,United States,medium
2012-06-10 00:00:00,28.3527,113.0054,China,medium
2015-09-25 00:00:00,9.9402,-84.0771,Costa Rica,small
2014-04-06 02:20:00,36.0938,110.6799,China,medium
2013-06-17 00:00:00,29.0508,81.3,Nepal,medium
2008-04-11 00:00:00,-9.2965,-77.6613,Peru,medium
2014-03-13 21:30:00,49.5181,5.9931,Luxembourg,medium
2011-05-08 23:00:00,10.1118,-83.9793,Costa Rica,medium
2014-09-03 23:00:00,33.9823,73.796,Pakistan,medium
2014-07-15 00:00:00,39.3602,114.6943,China,small
2011-04-05 03:00:00,35.8473,-83.5703,United States,small
2007-09-13 00:00:00,26.1833,91.8,India,medium
2010-07-02 18:30:00,-13.3219,-72.2308,Peru,medium
2010-07-04 00:00:00,26.8712,88.3052,India,medium
2007-09-09 00:00:00,27.1667,88.35,India,medium
1993-06-04 06:00:00,54.267,-0.3913,United Kingdom,medium
2013-01-30 00:00:00,37.345,-82.995,United States,medium
2013-07-19 00:00:00,6.092,125.3956,Philippines,medium
2015-03-16 14:30:00,47.9427,-122.3085,United States,small
2015-03-04 00:00:00,37.6142,-81.8692,United States,medium
2014-10-05 17:45:00,25.9702,91.8587,India,medium
2012-12-22 23:00:00,51.7633,-3.792,United Kingdom,large
2007-08-09 00:00:00,14.7333,98.6333,Thailand,medium
2013-10-08 09:00:00,10.5546,-84.8955,Costa Rica,medium
2013-07-04 23:30:00,44.5199,-109.0676,United States,medium
2007-02-14 00:00:00,51.28777211,-0.15430659,United Kingdom,small
2017-07-11 21:47:00,42.72187313,-90.9992342,,medium
2011-07-25 00:00:00,37.4288,-105.447,United States,small
2015-08-18 15:00:00,32.0275,77.3446,India,medium
2013-02-06 14:00:00,34.637,46.9313,Iran,medium
2011-07-18 00:00:00,39.5015,-107.3021,United States,small
2014-12-10 18:30:00,47.9796,-122.204,United States,small
2013-05-01 00:00:00,22.2805,109.9731,China,medium
2009-02-06 09:00:00,-29.954,30.866,South Africa,medium
2015-03-05 22:30:00,37.7219,-82.31,United States,medium
2013-05-09 00:00:00,3.0089,101.4169,Malaysia,medium
2015-11-11 00:00:00,41.1795,41.8196,Turkey,medium
2012-02-22 00:00:00,48.1285,-122.3624,United States,medium
2007-09-09 00:00:00,25.4993,94.1192,India,medium
2013-05-19 00:00:00,-2.847,102.0873,Indonesia,medium
2013-07-14 00:00:00,35.9242,-81.6747,United States,medium
2007-01-31 00:00:00,-0.6811,119.762,Indonesia,medium
2012-12-29 13:00:00,0.772146528,35.56619905,Kenya,large
2015-10-21 00:00:00,17.7055,-91.7416,Mexico,medium
2014-05-18 00:00:00,44.4624,18.842,Bosnia and Herzegovina,medium
2013-07-12 21:00:00,34.3887,106.922,China,medium
2007-07-27 00:00:00,25.5212,90.232,India,large
2013-04-08 01:00:00,-0.8012,36.9613,Kenya,medium
2009-12-26 00:00:00,27.7211,83.4692,Nepal,medium
2015-11-29 00:00:00,35.2207,-82.3216,United States,medium
2015-09-29 00:00:00,37.1873,-80.111,United States,medium
2015-08-01 00:00:00,23.9278,94.0906,India,medium
2012-01-21 00:00:00,36.2618,-121.7938,United States,small
2013-07-04 00:00:00,35.078,-82.808,United States,small
2012-01-03 00:00:00,5.4164,118.1493,Malaysia,medium
2013-02-15 00:00:00,6.9851,81.0556,Sri Lanka,medium
2008-02-19 00:00:00,13.8701,124.3101,Philippines,medium
2016-10-06 00:00:00,-36.7654,147.2151,Australia,medium
2014-10-07 00:00:00,57.2276,-2.2608,United Kingdom,small
2015-07-28 00:00:00,21.0268,107.2971,Vietnam,medium
2007-09-24 00:00:00,-44.3025,169.1339,New Zealand,large
2016-10-10 00:00:00,6.2045,-0.1706,Ghana,medium
2010-10-03 13:00:00,14.3898,-87.7654,Honduras,medium
2015-11-16 00:00:00,9.3626,-79.8221,Panama,medium
2007-04-06 00:00:00,40.4377,-79.916,United States,small
2014-07-15 15:00:00,44.4686,-109.8833,United States,small
2015-03-10 15:00:00,37.7663,-80.4306,United States,small
2013-07-29 10:30:00,32.9918,75.1945,India,medium
2007-01-18 00:00:00,17.1167,120.917,Philippines,medium
2013-04-18 00:00:00,40.6535,-89.5556,United States,small
2013-06-30 17:50:00,-33.8234,151.0075,Australia,small
2016-03-11 00:00:00,39.4415,-123.8033,United States,small
2007-07-25 00:00:00,20.6479,-156.0898,United States,small
2007-05-21 00:00:00,4.8081,-75.6941,Colombia,large
2016-01-14 02:00:00,4.479,101.479,Malaysia,small
2015-02-06 07:00:00,45.713,-122.7251,United States,medium
2007-12-01 00:00:00,47.8734,13.8188,Austria,very_large
2014-07-22 00:00:00,27.9995,84.6333,Nepal,small
2011-08-02 00:00:00,46.3318,-114.6432,United States,small
2008-08-13 00:00:00,53.665,-8.306,Ireland,medium
2007-08-09 00:00:00,14.5667,-90.45,Guatemala,medium
2008-08-26 00:00:00,28.278,84.35,Nepal,medium
2011-09-04 00:30:00,17.9031,73.4361,India,small
2008-06-06 00:00:00,15.3925,73.8377,India,medium
2014-11-09 00:00:00,35.7508,68.8479,Afghanistan,medium
2016-05-08 23:00:00,43.5004,-110.9633,United States,small
2007-09-05 00:00:00,27.7667,85.7,Nepal,medium
2016-07-15 00:00:00,-40.9324,145.6201,Australia,medium
2016-06-23 00:00:00,38.3529,-80.7427,United States,medium
2008-01-16 02:00:00,7.8253,126.0367,Philippines,medium
2012-03-15 23:00:00,45.5169,-122.369,United States,small
2015-10-06 00:00:00,14.7159,-91.8708,Guatemala,small
2015-07-11 09:00:00,14.689,-90.4902,Guatemala,medium
2015-09-27 00:00:00,14.6614,-90.9681,Guatemala,medium
2014-06-23 00:00:00,28.0115,112.9838,China,medium
2007-06-28 00:00:00,38.9325,121.553,China,small
2009-05-06 00:00:00,-5.0804,-45.601,Brazil,medium
2016-05-09 08:00:00,27.2129,117.9852,China,medium
2013-05-12 00:00:00,24.9926,93.4946,India,medium
2016-08-02 00:00:00,50.4868,-121.7,Canada,medium
2014-09-14 09:00:00,9.1139,-79.5626,Panama,small
2008-06-23 00:00:00,41.75,45.7167,Georgia,medium
2015-01-17 03:00:00,28.0878,108.6966,China,large
2011-07-01 00:00:00,31.2574,103.6019,China,medium
2014-06-27 09:00:00,43.7638,-91.9607,United States,small
2011-07-15 18:00:00,27.9512,85.6846,Nepal,small
2010-04-07 21:00:00,40.7799,-91.0962,United States,small
2014-10-04 00:00:00,10.4792,-84.7349,Costa Rica,small
2014-09-27 00:00:00,15.2422,-92.0738,Guatemala,medium
2008-04-09 00:00:00,-6.0377,144.9642,Papua New Guinea,large
2008-12-15 00:00:00,33.899,-117.764,United States,medium
2015-09-09 00:00:00,40.4747,-79.9908,United States,small
2012-11-08 00:00:00,-3.1713,119.3657,Indonesia,large
2016-08-01 04:00:00,27.805,84.9005,Nepal,medium
2007-10-19 00:00:00,25.4379,94.1162,India,medium
2008-03-05 00:00:00,-16.8164,145.6331,Australia,small
2015-09-25 00:00:00,14.2801,-87.9369,Honduras,medium
2013-05-06 00:00:00,35.9974,-81.6384,United States,medium
2012-12-21 11:50:00,40.4324,-80.0073,United States,medium
2014-05-10 09:00:00,26.4845,110.1741,China,small
2016-09-27 00:00:00,44.1527,-94.0658,United States,medium
2007-10-16 00:00:00,25.7055,94.0132,India,large
2013-04-19 16:00:00,-6.5909,106.7987,Indonesia,medium
2016-08-07 13:37:00,37.9958,-108.0314,,small
2012-03-12 00:00:00,44.1228,-122.3992,United States,small
2016-01-01 23:00:00,56.2266,-4.8568,United Kingdom,medium
2007-04-15 02:30:00,50.2413,-57.5843,Canada,small
2012-12-20 13:00:00,51.113,-4.1637,United Kingdom,medium
2013-09-08 00:00:00,27.6047,88.6463,India,medium
2014-06-10 00:00:00,44.885,-93.1627,United States,small
2007-06-15 00:00:00,26.8096,88.526,India,medium
2007-06-25 00:00:00,19.0298,72.9104,India,medium
2014-05-04 09:00:00,8.4829,-13.2408,Sierra Leone,small
2010-02-10 00:00:00,34.151,74.1213,India,medium
2012-03-15 08:00:00,45.4992,-122.6888,United States,small
2007-08-07 00:00:00,15.0296,74.0253,India,medium
2016-03-18 00:00:00,28.5299,112.3174,China,medium
2011-01-17 00:00:00,58.5909,6.3231,Norway,medium
2012-12-18 00:00:00,7.5694,80.5284,Sri Lanka,medium
2015-07-26 09:00:00,49.9392,-123.1671,Canada,small
2014-10-06 12:20:00,56.2456,-4.8841,United Kingdom,small
2014-09-03 23:00:00,32.4981,-84.9289,United States,small
2014-06-01 23:00:00,6.5261,80.1563,Sri Lanka,medium
2016-03-06 00:00:00,38.376,-120.5597,United States,small
2012-12-30 00:00:00,0.3172,32.581,Uganda,medium
2008-01-07 00:00:00,33.0643,-117.3042,United States,medium
2013-03-27 03:45:00,48.1393,-122.6011,United States,medium
2014-07-15 23:00:00,-3.5517,137.3707,Indonesia,small
2011-07-08 00:00:00,30.9209,77.0206,India,medium
2014-05-27 16:00:00,39.632,-105.8961,United States,small
2008-08-24 00:00:00,39.2228,-105.1865,United States,medium
2015-06-11 00:00:00,13.5807,-86.9101,Honduras,medium
2011-08-08 10:00:00,35.6216,-87.0355,United States,medium
2013-11-16 01:00:00,-33.9738,18.3715,South Africa,small
2016-10-16 00:00:00,16.9959,121.3014,Philippines,medium
2015-09-28 12:00:00,37.5513,-83.3614,United States,medium
2011-09-05 23:00:00,28.7773,82.4728,Nepal,medium
2013-08-30 23:00:00,36.1054,-115.8215,United States,medium
2013-07-29 10:00:00,32.9918,75.1945,India,small
2009-04-15 09:00:00,40.7118,-111.798,United States,small
2009-09-18 00:00:00,26.8342,88.2798,India,medium
2008-08-14 00:00:00,27.795,84.432,Nepal,medium
2014-12-09 02:30:00,13.0536,121.4036,Philippines,medium
2013-02-18 11:00:00,26.6582,107.9327,China,medium
2008-05-05 00:00:00,43.0797,23.3981,Bulgaria,medium
2014-04-04 18:30:00,-7.3397,108.2401,Indonesia,medium
2013-05-08 19:00:00,3.1618,101.6983,Malaysia,medium
2015-12-16 23:00:00,14.7171,121.6171,Philippines,medium
2008-04-01 00:00:00,-0.2196,-78.5347,Ecuador,medium
2015-03-04 21:00:00,38.1935,-81.3669,United States,medium
2013-05-08 00:00:00,3.1507,101.7058,Malaysia,medium
2015-08-26 15:00:00,52.0722,0.4411,United Kingdom,small
2012-11-28 18:00:00,51.0934,-3.0193,United Kingdom,medium
2016-09-20 14:24:00,40.070736,-75.326559,,medium
2014-11-03 00:00:00,10.127,-83.9673,Costa Rica,medium
2015-02-06 09:00:00,47.9536,-122.2842,United States,medium
2013-05-08 00:00:00,24.0896,91.4663,India,medium
2014-11-05 08:00:00,6.0202,116.4955,Malaysia,medium
2015-03-17 00:00:00,43.0659,24.7312,Bulgaria,medium
2012-12-17 00:00:00,47.9128,-122.3197,United States,medium
2007-07-04 00:00:00,18.5369,-96.8229,Mexico,medium
2007-08-11 00:00:00,18.1258,-76.5082,Jamaica,medium
2012-11-18 00:00:00,-6.8717,106.8903,Indonesia,medium
2016-07-20 00:00:00,26.1966,91.802,India,medium
2013-09-05 00:00:00,22.3704,103.2816,Vietnam,very_large
2011-07-27 18:00:00,16.8256,121.1444,Philippines,medium
2007-09-01 00:00:00,17.2634,73.5446,India,medium
2013-05-22 01:13:00,44.9179,-93.1255,United States,medium
2013-06-18 00:00:00,27.8595,83.7711,Nepal,medium
2015-07-13 00:00:00,33.53,71.0525,Pakistan,medium
2014-12-04 00:00:00,33.0938,-117.1375,United States,small
2010-02-11 00:00:00,-8.8559,121.6536,Indonesia,medium
2016-01-23 00:00:00,41.0321,-124.1109,United States,small
2015-12-07 09:00:00,46.749,-120.7902,United States,small
2014-09-22 00:00:00,26.1097,91.7747,India,small
2007-08-24 00:00:00,28.6167,82.6167,Nepal,medium
2015-03-04 23:59:00,37.4221,-82.0184,United States,medium
2013-07-16 19:45:00,40.4678,-111.7679,United States,medium
2010-07-25 00:00:00,34.1042,72.46,Pakistan,medium
2012-03-02 00:00:00,38.045,-82.1423,United States,small
2015-11-07 18:00:00,3.3902,101.8881,Malaysia,large
2015-10-19 00:00:00,14.3855,-91.1789,Guatemala,medium
2009-11-07 17:00:00,3.2711,101.6826,Malaysia,medium
2008-01-07 00:00:00,33.4341,75.1923,India,medium
2014-09-22 00:00:00,26.1001,91.6849,India,small
2010-02-26 00:00:00,34.9033,72.6459,Pakistan,medium
2013-07-10 10:30:00,30.9896,103.6405,China,very_large
2017-04-06 13:19:00,-37.63770028,176.0447055,,medium
2017-04-06 20:28:00,37.58211205,-79.72941649,,small
2011-07-29 00:00:00,33.6118,73.0439,Pakistan,large
2015-12-19 00:00:00,3.0039,101.5769,Malaysia,small
2016-11-18 15:00:00,7.159883,80.562102,,medium
2007-12-11 00:00:00,-3.571,38.235,Kenya,medium
2015-10-08 00:00:00,9.1261,-82.2996,Panama,small
2013-07-10 00:00:00,27.62,86.84,Nepal,medium
2015-09-17 00:00:00,19.1331,-97.1317,Mexico,medium
2009-05-06 00:00:00,-3.1946,-52.2093,Brazil,medium
2017-07-05 19:39:00,27.9726582,83.76126893,,medium
2007-08-09 00:00:00,12.8733,74.8481,India,medium
2012-12-21 01:00:00,-14.2521,-170.6613,American Samoa,medium
2012-03-15 17:45:00,39.1581,-84.5645,United States,small
2015-11-17 00:00:00,46.2567,-122.889,United States,medium
2010-01-23 05:00:00,21.4936,104.5916,Vietnam,medium
2013-01-28 00:00:00,-6.0609,142.8548,Papua New Guinea,medium
2015-09-27 00:00:00,14.6219,-90.5119,Guatemala,medium
2012-11-18 00:00:00,-7.0089,107.5524,Indonesia,large
2014-10-07 00:00:00,10.4741,-73.8715,Colombia,medium
2011-07-18 00:00:00,40.1793,-83.1777,United States,medium
2011-07-15 00:00:00,31.3456,-110.2541,United States,medium
2008-01-12 00:00:00,5.3,5.8167,Nigeria,medium
2016-04-22 23:00:00,8.504,126.1736,Philippines,small
2012-04-01 06:50:00,39.3838,113.146,China,medium
2008-01-31 23:30:00,7.8339,125.5986,Philippines,medium
2013-01-27 06:45:00,-0.2122,100.1682,Indonesia,large
2009-12-17 00:00:00,39.87523711,22.5703077,Greece,medium
2015-08-22 19:00:00,23.6244,105.7794,China,medium
2008-02-09 00:00:00,40.4934,-79.9458,United States,small
2010-07-29 00:00:00,35.0111,72.7056,Pakistan,large
2014-08-10 10:00:00,9.9189,-84.4693,Costa Rica,small
2017-04-10 13:34:00,39.90952566,69.50912023,,small
2016-10-05 10:00:00,44.1292,-72.6672,United States,medium
2012-12-04 00:00:00,47.9595,-122.2426,United States,medium
2015-06-21 09:00:00,8.907,-82.1867,Panama,small
2016-11-01 14:24:00,8.306127,124.265675,,medium
2013-06-11 23:00:00,31.4881,76.6702,India,small
2012-03-17 22:00:00,38.8549,-121.1147,United States,small
2017-04-17 13:34:00,-41.25317096,174.7697639,,small
2015-03-05 09:00:00,37.7028,-81.2565,United States,small
2014-12-02 00:00:00,34.1946,-118.9858,United States,medium
2008-05-22 00:00:00,33.7112,-117.6428,United States,medium
2007-07-19 00:00:00,26.1699,91.7986,India,medium
2016-12-10 14:22:00,37.126455,-122.122693,,medium
2017-01-22 20:21:00,40.635137,-122.7339156,,small
2016-11-21 15:00:00,20.879697,-156.194319,,small
2017-02-23 20:51:00,35.300372,-120.65539,,medium
2017-02-21 17:55:00,37.02829013,-122.216077,,small
2017-02-21 16:54:00,37.91538871,-121.8915772,,small
2017-01-18 21:23:00,37.21263512,-121.9885243,,small
2017-02-18 22:55:00,37.59591829,-122.5041031,,small
2017-02-07 21:02:00,38.32738183,-122.3529566,,small
2017-01-08 20:35:00,39.34438459,-122.6654722,,small
2017-06-22 13:16:00,49.58554859,-119.5898279,,small
2017-02-10 19:34:00,37.11199036,-121.9757197,,small
2017-01-19 16:47:00,40.17135984,-80.20828843,,small
2017-05-01 13:22:00,40.22400142,-79.95929042,,small
2017-03-07 16:30:00,41.080488,-121.798074,,small
2017-01-24 21:52:00,37.31941622,-122.265628,,medium
2017-02-13 15:32:00,37.04629251,-122.0134418,,medium
2017-02-21 21:47:00,38.008148,-122.617377,,small
2017-01-09 15:19:00,38.52090057,-122.4720513,,small
2017-02-23 21:02:00,38.00797062,-122.6171741,,small
2017-02-28 17:35:00,37.196704,-122.154441,,medium
2016-12-22 13:57:00,40.168849,-79.851127,,small
2017-02-13 16:48:00,39.32232446,-120.42171,,small
2017-02-24 17:31:00,37.17394985,-122.2348048,,medium
2017-01-04 14:48:00,37.01683953,-122.0627789,,small
2016-12-01 14:24:00,40.325565,-80.60591,,small
2017-01-11 18:34:00,39.20099639,-120.8095385,,medium
2017-02-08 18:52:00,41.78962654,-78.47623228,,small
2017-04-18 14:28:00,-7.241780411,146.4764078,,small
2017-03-16 19:32:00,46.545921,-116.247693,,small
2017-02-20 14:46:00,37.59479437,-121.9302567,,medium
2017-02-19 17:55:00,39.252909,-120.9222473,,small
2016-12-23 14:22:00,39.291956,-121.09722,,small
2017-01-11 14:45:00,38.51835931,-122.056666,,medium
2017-01-06 16:07:00,36.81539141,-121.7232875,,medium
2017-01-03 17:05:00,39.44747129,-80.18251435,,small
2017-03-07 16:30:00,40.866917,-123.034161,,small
2017-02-10 20:43:00,39.32151816,-120.4235534,,medium
2017-01-29 19:34:00,37.86898188,-122.1956834,,small
2017-01-03 19:12:00,35.98028292,-121.4896698,,medium
2017-02-21 14:46:00,35.4625036,-120.6760245,,small
2017-02-10 20:02:00,37.21201324,-122.0672826,,medium
2017-01-09 15:19:00,37.01337021,-121.6503544,,small
2017-02-14 22:56:00,40.5330488,-80.20389276,,small
2017-01-10 20:35:00,40.6850016,-122.042456,,small
2017-01-09 15:19:00,37.03155782,-122.0650416,,medium
2017-02-08 16:16:00,37.99222287,-122.5988299,,medium
2017-02-17 21:26:00,38.51175925,-122.1044658,,medium
2017-02-07 19:05:00,37.98513859,-122.5130417,,small
2017-02-07 21:44:00,37.38644301,-122.2620793,,small
2017-01-06 18:08:00,35.42801327,-120.7765753,,medium
2017-03-08 16:55:00,36.21772147,-121.7508007,,small
2017-01-26 20:07:00,39.44991493,-80.17792076,,small
2017-07-07 13:16:00,30.24147729,78.89773782,,small
2017-01-24 22:33:00,7.736255099,125.5214687,,medium
2016-12-08 14:22:00,35.856966,-121.413869,,small
2017-02-15 16:47:00,37.39806804,-122.2765248,,medium
2016-12-16 14:35:00,38.359775,-122.200994,,small
2017-01-09 19:12:00,37.61662149,-122.4852077,,small
2017-02-21 17:34:00,46.77115383,-114.353279,,small
2017-03-08 21:47:00,38.00807124,-122.6173031,,small
2017-04-20 17:55:00,36.00801476,-121.5122071,,small
2017-01-24 22:33:00,7.604043152,125.8670267,,medium
2016-07-02 12:55:00,51.575712,-112.911742,,medium
2017-02-11 18:08:00,40.62364418,-79.86552468,,small
2016-09-11 12:55:00,27.357968,85.975127,,medium
2017-06-26 13:16:00,19.17066427,73.02142667,,small
2017-01-04 14:48:00,37.18069623,-122.2144316,,small
2016-12-15 14:22:00,40.727305,-122.077642,,medium
2017-05-09 13:28:00,40.19920903,-79.9235025,,small
2017-01-22 15:59:00,49.75151088,-119.7584246,,small
2017-04-20 14:05:00,40.41337991,-79.9238858,,small
2017-03-07 16:30:00,40.881754,-122.367,,small
2017-02-06 15:32:00,37.07794252,-121.9805946,,medium
2016-12-17 14:02:00,1.458622,124.843053,,small
2017-01-09 15:19:00,37.08035822,-121.9782751,,medium
2017-01-03 19:12:00,39.35900577,-123.5095595,,small
2017-01-22 20:38:00,38.67697649,-121.1921364,,small
2017-03-01 20:30:00,37.761358,-122.025979,,medium
2017-02-08 18:52:00,37.94963871,-122.5132598,,small
2017-02-08 21:15:00,37.9146524,-122.1881147,,medium
2017-01-19 21:23:00,39.19874154,-123.2847718,,small
2016-10-23 14:24:00,7.513007,125.917248,,medium
2017-01-09 15:19:00,37.14797807,-122.0876958,,small
2016-11-21 15:00:00,20.855596,-156.168305,,small
2017-04-26 13:17:00,39.90752824,-123.7495218,,medium
2017-03-05 16:52:00,36.026196,-121.534139,,medium
2017-01-24 22:33:00,7.578214838,125.8334627,,medium
2017-03-02 20:30:00,40.4325874,-80.00745413,,small
2017-03-06 21:02:00,38.002075,-122.611728,,small
2017-02-06 20:58:00,36.99061086,-121.7142246,,small
2017-01-20 14:59:00,37.03562826,-122.0650843,,small
2017-04-06 13:22:00,40.42020137,-79.82994351,,small
2017-03-25 17:32:00,37.00129086,-122.0212582,,small
2017-01-09 15:19:00,37.10839705,-122.1146955,,small
2017-02-07 20:58:00,38.81859944,-123.0225391,,small
2017-01-06 17:02:00,35.42818822,-120.7711518,,large
2017-01-18 15:59:00,-42.84729726,171.5574912,,medium
2016-12-15 14:22:00,35.770582,-121.323815,,medium
2017-04-20 17:55:00,37.99578839,-81.73845939,,small
2016-12-17 14:02:00,1.45079,124.85034,,small
2017-04-28 13:17:00,40.34846467,-80.96197002,,small
2017-02-19 17:34:00,-6.095327333,145.02236,,very_large
2017-01-09 15:19:00,37.12855432,-122.1211344,,small
2017-03-08 20:35:00,40.56288,-80.715029,,small
2016-11-13 15:00:00,-42.521674,173.487651,,large
2017-01-26 20:56:00,41.26238872,-77.90853269,,small
2017-01-06 18:08:00,35.77900132,-121.3288786,,medium
2017-01-04 14:48:00,37.02125973,-121.9616328,,small
2016-10-31 14:24:00,-5.857686,144.236673,,
2016-12-17 14:02:00,1.481724,124.859026,,small
2016-12-18 19:27:00,40.684606,-78.808062,,small
2017-04-05 13:19:00,38.18548947,-81.32476841,,small
2017-01-05 19:12:00,40.27673341,-78.92350659,,small
2017-02-24 20:15:00,37.890359,-121.871398,,medium
2017-01-24 22:33:00,7.674494083,125.8603905,,medium
2017-02-14 18:32:00,37.998694,-122.461189,,small
2017-01-24 15:32:00,40.48344204,-79.86476209,,small
2017-07-06 19:39:00,19.17041801,73.02151508,,small
2017-01-04 14:48:00,37.08229788,-121.976461,,small
2017-02-06 20:58:00,37.36321806,-122.1689726,,small
2017-01-08 20:35:00,39.81452834,-123.0790683,,small
2017-02-22 16:54:00,36.84145359,-121.6687895,,small
2016-12-12 14:22:00,39.367245,-121.108961,,medium
2016-10-28 14:24:00,6.500821,124.843439,,small
2017-01-31 21:54:00,0.39819,123.2233838,,medium
2017-01-09 17:02:00,37.99985155,-122.6047619,,small
2017-02-07 19:34:00,37.03845686,-122.0848471,,medium
2016-12-10 14:22:00,37.018892,-121.93556,,large
2016-11-22 05:00:00,-21.306243,165.453367,,large
2017-01-14 18:34:00,38.36665773,-81.61067785,,small
2017-04-26 13:17:00,45.91520389,-123.9647618,,small
2017-03-08 16:55:00,36.23912968,-121.7747764,,medium
2017-02-07 20:58:00,38.80779455,-123.0098213,,small
2017-01-24 20:14:00,37.11761054,-122.0859022,,small
2017-05-11 14:05:00,40.77479079,-80.69692347,,small
2017-01-08 19:12:00,39.30552057,-119.9142097,,medium
2017-04-07 19:04:00,37.83130513,-122.1903741,,small
2016-12-24 16:02:00,-7.149976033,146.5810575,,medium
2017-04-04 12:57:00,25.181453,93.118105,,small
2017-03-13 18:40:00,45.98329529,-122.4228509,,small
2017-04-18 17:47:00,-35.62543214,174.5370837,,small
2016-12-03 15:24:00,-8.168861,112.164807,,medium
2017-03-27 15:09:00,49.756601,-119.801875,,medium
2017-03-20 20:12:00,47.734742,-122.285041,,small
2017-02-05 19:27:00,33.24823884,75.21350071,,unknown
2017-06-22 13:16:00,27.79532591,84.43283218,,small
2017-02-08 15:28:00,45.59489027,-122.8718206,,small
2017-03-20 19:36:00,47.28549545,-122.0333076,,small
2017-01-19 14:57:00,10.40539545,123.869359,,medium
2017-01-21 20:21:00,28.93439223,117.6066571,,medium
2017-02-10 16:48:00,38.77083069,-120.4499206,,medium
2017-01-10 18:34:00,55.19060657,-6.277283962,,small
2017-02-27 20:52:00,33.30519197,-116.8789588,,small
2017-04-23 17:55:00,24.74540185,116.7514166,,medium
2017-02-21 19:17:00,38.76605491,-120.4896612,,small
2017-02-27 20:30:00,32.491079,-117.018195,,small
2017-02-07 15:28:00,38.0749613,-83.4164066,,small
2016-11-08 15:00:00,13.168639,-61.165938,,small
2017-04-27 13:17:00,44.12206433,-122.4124263,,small
2017-02-10 20:43:00,38.77656298,-119.9205469,,small
2017-01-09 20:35:00,35.55938329,-118.5872534,,small
2017-03-18 15:55:00,46.483063,-116.172497,,small
2017-07-07 13:16:00,-38.18869842,177.2938257,,large
2017-09-02 15:08:00,31.10312666,77.20355516,,medium
2017-01-01 13:57:00,5.390276,102.064002,,small
2017-05-07 20:27:00,50.77647805,-119.1744426,,small
2017-02-19 21:20:00,32.36993877,-110.7105473,,small
2016-11-19 15:00:00,3.070438,101.747557,,medium
2017-01-04 19:12:00,39.66993303,71.99993036,,unknown
2017-03-16 13:48:00,50.248237,-119.30521,,small
2017-02-11 16:48:00,38.77856835,-120.2613976,,small
2017-04-24 20:44:00,-40.31050874,175.7762309,,small
2017-04-25 13:17:00,48.69637244,-118.197505,,small
2017-06-20 13:16:00,28.10756941,94.18315697,,medium
2017-01-03 15:40:00,20.66346651,-156.04243,,medium
2017-01-17 20:58:00,36.411747,-81.48218355,,medium
2016-11-07 15:00:00,6.817009,11.240935,,medium
2016-09-18 14:24:00,-38.70743,174.616841,,small
2017-04-23 18:27:00,39.34103606,71.50740153,,medium
2017-02-15 21:01:00,50.36554226,-121.2386985,,medium
2017-04-01 13:34:00,5.268333182,117.1030201,,medium
2017-03-18 20:12:00,46.84183063,-115.6191942,,small
2017-02-16 22:29:00,47.53222,-122.021859,,small
2017-01-09 18:34:00,43.20365429,-124.3049956,,large
2017-02-07 18:52:00,45.51457205,-122.7012766,,small
2017-02-16 22:29:00,47.47729387,-122.1856476,,small
2017-04-07 13:19:00,48.56465589,-119.722696,,small
2017-02-21 17:34:00,37.97107992,-120.3951429,,small
2017-03-18 14:24:00,49.06108608,-117.0382904,,medium
2017-01-10 18:34:00,42.42373266,-123.3280821,,small
2017-04-22 17:55:00,36.2806339,74.61062816,,small
2017-02-06 20:58:00,34.48790177,-119.305408,,small
2017-05-16 14:21:00,41.75450225,71.03024017,,medium
2016-12-25 13:57:00,4.470971,101.379313,,small
2017-07-06 13:16:00,49.62223265,-119.6632642,,medium
2017-01-22 19:44:00,44.15797479,-123.5759976,,medium
2017-03-17 14:24:00,43.31347825,-110.7420242,,small
2017-05-11 13:28:00,40.555957,73.34965668,,medium
2017-05-02 13:22:00,43.54829,-108.1901238,,medium
2017-03-18 15:47:00,48.656783,-116.340039,,small
2017-04-06 13:19:00,35.44377033,73.98356806,,small
2017-04-16 13:34:00,-6.895652888,107.9346103,,medium
2017-02-27 20:52:00,33.28491163,-116.8687058,,small
2017-01-16 19:15:00,42.57651795,-123.593824,,medium
2017-02-22 22:45:00,34.89483946,72.79989006,,small
2017-03-16 14:10:00,47.325353,-122.368876,,medium
2017-04-13 13:34:00,45.34401354,-122.6193348,,small
2017-04-10 19:04:00,50.76327922,-120.3290473,,small
2017-02-09 20:43:00,47.38482082,-122.0110634,,medium
2017-06-09 14:21:00,22.90813548,92.47207294,,medium
2017-02-17 19:25:00,34.31601832,-117.4793337,,medium
2017-02-18 20:51:00,35.378269,71.786687,,unknown
2017-07-03 14:21:00,39.23401474,68.62977171,,medium
2017-02-15 22:29:00,47.535134,-122.347458,,small
2016-09-18 14:54:00,28.282927,83.583154,,medium
2016-11-16 15:00:00,11.329547,76.801586,,small
2016-10-30 14:24:00,11.398541,109.003601,,medium
2017-03-09 17:22:00,43.312864,-122.838041,,small
2017-03-16 13:48:00,50.791084,-119.076402,,small
2017-02-22 16:54:00,45.78715735,-123.9588755,,small
2016-11-15 15:00:00,-7.00063,110.41455,,small
2017-04-22 18:27:00,10.50547001,105.3439054,,medium
2016-12-06 15:21:00,35.68457,-82.617208,,small
2017-02-19 18:25:00,46.51108985,6.658183,,small
2017-03-14 19:15:00,50.765915,-119.007904,,small
2016-11-29 15:24:00,-7.620422766,111.0302789,,medium
2017-04-24 20:44:00,37.69857085,-82.29706429,,small
2017-01-18 19:44:00,44.13859082,-123.5898268,,medium
2017-04-07 20:28:00,38.97339464,-119.9048334,,small
2016-09-21 14:24:00,27.340009,87.196504,,small
2017-04-12 13:34:00,3.488901522,97.78388889,,large
2017-01-22 19:05:00,37.12103728,-113.5490905,,small
2017-03-28 13:34:00,45.53803931,-122.7185838,,small
2017-04-18 14:28:00,34.58916028,74.24641226,,medium
2017-04-11 19:04:00,10.41107984,123.877217,,small
2017-04-16 13:34:00,33.1292173,75.44618906,,small
2017-02-09 19:54:00,47.4169527,-123.1317492,,small
2016-12-01 15:00:00,17.108372,121.144802,,medium
2017-05-03 14:05:00,27.82743132,93.62407259,,medium
2017-03-17 14:24:00,49.14619326,-116.7619053,,small
2017-03-19 14:24:00,49.97856299,-117.371061,,small
2017-03-09 17:22:00,45.506282,-122.716574,,small
2017-02-09 19:54:00,47.49931548,-122.3038035,,small
2017-05-08 13:28:00,-4.005120887,39.63285517,,medium
2017-04-25 13:17:00,45.95746074,-122.7990573,,small
2016-12-29 14:37:00,37.12566076,-82.81854517,,small
2017-02-07 21:28:00,38.30334872,-120.6722988,,small
2017-02-16 22:29:00,47.22834281,-122.3846014,,small
2016-12-24 13:57:00,34.022705,-118.509724,,small
2017-02-17 20:04:00,-35.8166324,173.7165281,,small
2017-04-04 12:57:00,25.481623,93.141692,,small
2016-10-30 14:24:00,38.297838,-120.704661,,
2017-02-16 18:30:00,45.298184,-122.8087328,,small
2017-01-13 21:23:00,37.26104331,-112.9483461,,medium
2017-02-25 20:30:00,33.17580726,75.81055668,,medium
2016-12-25 16:02:00,36.27317631,51.24268766,,medium
2017-04-15 13:34:00,33.17598419,75.81088889,,medium
2016-11-02 14:24:00,41.582475,41.662586,,small
2017-02-27 20:52:00,33.32657967,-117.1616583,,small
2017-04-12 13:34:00,32.99132221,75.19427899,,small
2017-02-07 18:52:00,37.73075352,-119.7564456,,small
2016-11-28 15:00:00,47.802118,-122.39457,,medium
2017-04-09 13:34:00,-7.8536645,111.6796011,,medium
2016-11-19 15:00:00,50.767546,-119.340713,,small
2017-07-10 18:45:00,24.37169581,93.70684171,,small
2017-04-05 13:19:00,-36.95034055,174.6494078,,medium
2017-04-14 13:34:00,47.96070249,-122.2456413,,small
2017-02-09 19:54:00,47.38035226,-122.9554581,,unknown
2016-11-20 15:00:00,6.159049,116.447249,,medium
2017-03-18 15:55:00,45.973789,-117.264604,,small
2017-02-16 18:40:00,44.12321599,-123.620023,,medium
2017-04-27 13:17:00,34.91321927,72.75163388,,medium
2016-09-12 14:24:00,7.896147,98.302934,,medium
2017-04-01 12:57:00,37.277007,-83.108536,,small
2017-05-05 20:27:00,51.23626124,-118.9831899,,small
2017-02-24 19:45:00,44.14353772,18.07769206,,very_large
2017-03-20 15:47:00,3.215342,113.42223,,medium
2016-11-30 15:24:00,10.82004,-61.12717,,medium
2016-12-20 14:02:00,45.629207,-122.822548,,small
2017-04-22 17:55:00,40.86625858,73.34015666,,medium
2017-04-16 13:34:00,33.1292173,75.44618906,,small
2016-12-17 14:02:00,-16.811107,-179.8647,,small
2017-02-08 18:52:00,43.39079798,-123.541517,,small
2016-12-02 14:24:00,45.531962,-122.960461,,small
2017-03-29 13:40:00,47.96976148,-122.3511262,,small
2017-03-15 16:46:00,45.520603,-122.721696,,small
2016-12-06 14:22:00,10.74,-61.27,,medium
2017-03-20 20:12:00,47.844033,-122.342937,,small
2016-12-20 14:02:00,37.83536,-120.056857,,small
2017-02-15 22:56:00,47.79575909,-122.3915428,,small
2017-03-22 18:40:00,48.736721,-122.359062,,small
2016-11-16 15:00:00,11.28965,76.94171,,small
2017-03-18 15:47:00,48.379985,-116.551955,,small
2017-01-20 15:39:00,33.87858534,-116.8430349,,small
2017-04-11 13:34:00,41.2047168,72.86009332,,large
2016-09-15 14:24:00,39.63843134,-95.1472568,,medium
2017-03-18 15:55:00,47.641099,-122.313459,,small
2016-11-15 15:00:00,-6.990704,110.410341,,small
2016-12-05 15:00:00,39.941551,-121.267258,,small
2017-01-20 21:23:00,50.63009238,-1.941264783,,small
2017-06-18 14:21:00,24.70412149,92.23034662,,medium
2017-04-04 12:57:00,25.195355,93.172758,,small
2017-04-14 13:34:00,49.1290516,-118.6478914,,small
2016-11-22 15:00:00,45.585918,-123.586208,,medium
2016-12-15 13:22:00,39.63016,-121.431598,,medium
2017-04-13 13:34:00,45.73370171,-122.7348113,,small
2017-02-21 16:54:00,37.99292482,-120.4786324,,small
2017-06-12 14:21:00,23.33501164,92.85410625,,medium
2017-05-05 13:28:00,43.69001268,-79.3892764,,small
2016-11-07 05:00:00,5.453011,100.214496,,small
2017-04-07 13:19:00,44.04653643,-124.071433,,small
2017-01-16 15:59:00,10.48486923,125.0019461,,medium
2016-11-05 04:00:00,10.349849,123.878321,,small
2017-04-17 13:34:00,49.75909417,-119.7624134,,small
2017-04-22 17:55:00,35.4781125,73.27650031,,small
2017-04-07 13:19:00,50.77712046,-119.235673,,medium
2017-05-09 13:28:00,49.6302922,-117.5373036,,small
2017-01-06 14:48:00,33.24199059,75.22770891,,medium
2017-01-06 14:48:00,33.33819588,75.19229171,,medium
2017-07-11 14:24:00,27.583849,91.876945,,large
2017-01-12 21:23:00,34.15214903,-117.9412065,,medium
2017-01-20 14:59:00,33.83302047,-116.9863441,,medium
2017-07-12 13:28:00,25.69111465,94.09483333,,medium
2017-04-16 13:34:00,40.6429665,73.2667525,,medium
2017-02-05 21:44:00,43.98279054,-124.0540224,,small
2017-03-23 14:24:00,49.98337245,-117.3704058,,medium
2016-11-15 15:00:00,-7.004723,110.422311,,small
2017-07-13 13:28:00,34.06830898,74.63364102,,medium
2017-03-20 13:40:00,47.92444973,-122.3852767,,small
2017-02-10 16:48:00,38.76486531,-120.324996,,medium
2016-12-18 14:02:00,-16.53006,179.991364,,small
2017-04-07 13:19:00,48.06413257,-119.9523397,,small
2017-01-09 16:07:00,51.67903013,-2.023652165,,small
2017-05-03 13:22:00,39.10578115,-84.50067398,,medium
2017-04-04 12:57:00,25.118398,92.853913,,small
2017-03-23 14:24:00,49.726406,-116.911834,,small
2016-11-30 15:24:00,44.164338,-124.029762,,small
2017-03-19 15:09:00,-30.829127,152.554007,,small
2017-03-23 14:10:00,48.75463908,-116.4168941,,small
2016-09-14 14:24:00,20.041249,-155.371656,,small
2017-03-15 15:09:00,48.63776081,-122.4765807,,small
2017-03-18 13:40:00,47.94213637,-122.3673205,,small
2017-04-08 19:04:00,34.41015853,-119.71544,,small
2017-03-31 12:57:00,45.915562,-122.740865,,medium
2017-02-26 19:45:00,50.13806158,-5.076599066,,small
2017-04-23 18:27:00,41.16099153,72.88352146,,medium
2017-03-07 19:24:00,53.717863,-1.855263,,small
2017-05-09 13:28:00,38.92225016,-104.9903631,,small
2016-12-12 14:22:00,37.785693,-82.801658,,small
2017-02-09 22:29:00,47.51576386,-122.25385,,small
2017-03-16 13:48:00,50.7920428,-119.082588,,small
2017-02-16 14:17:00,46.95593447,-118.7098838,,medium
2017-03-18 20:58:00,46.12337387,-115.597912,,small
2017-01-31 19:27:00,5.390741506,100.2822934,,small
2017-03-10 17:22:00,33.370552,75.193916,,unknown
2017-03-16 15:47:00,47.418594,-122.347205,,medium
2017-01-31 20:07:00,-20.54287599,29.26724852,,large
2017-04-04 12:57:00,25.132228,93.04681,,small
2017-05-14 14:05:00,50.19521099,-119.4930924,,small
2017-04-14 17:55:00,37.25520686,-107.017168,,small
2017-02-08 15:28:00,45.54554329,-122.7867427,,small
2017-03-15 16:46:00,48.623821,-122.448275,,small
2017-04-05 13:19:00,36.20785464,-86.95613007,,small
2017-04-05 13:19:00,9.774184314,123.5297419,,small
2017-02-17 23:10:00,34.36345704,-119.4488081,,small
2016-10-31 14:24:00,12.589702,101.418577,,small
2017-03-15 16:46:00,45.92401,-122.754514,,small
2017-05-01 19:03:00,-8.279864546,115.0920102,,small
2016-12-16 14:35:00,33.968473,-116.950975,,medium
2017-03-18 21:29:00,47.227674,-122.38417,,small
2017-03-30 12:57:00,36.229474,-81.499376,,small
2017-01-22 20:21:00,34.124476,-118.4017601,,small
2017-03-18 14:10:00,48.130894,-116.479598,,small
2017-01-24 19:05:00,3.300391156,102.0799266,,small
2017-02-16 21:37:00,45.934422,-122.760786,,small
2016-11-05 14:00:00,10.329022,123.876998,,small
2017-05-11 13:28:00,28.21798862,84.71592278,,small
2017-04-11 13:34:00,46.53684224,-72.34177825,,small
2017-07-08 13:23:00,26.6726411,105.6688433,,large
2017-02-19 22:45:00,33.336892,75.19165535,,small
2017-03-18 15:47:00,1.760867,112.595116,,unknown
2017-07-07 14:21:00,54.372128,48.29313889,,medium
2017-01-19 21:23:00,48.06938284,-123.7739535,,small
2016-12-15 14:22:00,-18.095193,178.440048,,medium
2017-03-17 18:40:00,48.615529,-122.438565,,small
2016-11-09 14:00:00,43.270395,-122.606856,,small
2017-02-18 20:04:00,33.49573061,75.18134474,,medium
2016-12-16 14:35:00,34.149216,-117.940183,,medium
2017-04-16 13:34:00,40.78356656,73.60000632,,medium
2017-06-24 13:23:00,26.66354481,94.62220277,,small
2017-05-05 14:05:00,50.68445384,-119.0470126,,small
2017-01-20 21:23:00,34.28752918,-117.3556802,,medium
2017-04-22 17:55:00,33.18368391,75.80816901,,medium
2016-12-10 14:22:00,3.983405,102.431673,,medium
2017-05-04 13:22:00,40.4839954,-107.0531393,,small
2017-03-21 15:47:00,34.52842248,-120.1723487,,small
2017-02-21 17:34:00,44.86769902,-123.1458391,,small
2016-11-15 14:00:00,-7.019422,110.442857,,small
2016-11-18 14:00:00,38.066351,42.190688,,large
2016-10-23 14:24:00,-7.235152,109.829559,,medium
2016-11-11 15:00:00,-22.912451,-44.302371,,medium
2016-12-16 14:22:00,-18.115639,178.36266,,medium
2017-05-11 13:28:00,37.59593032,-104.7448595,,small
2017-03-15 18:40:00,45.27076031,-123.8354432,,medium
2017-02-16 22:29:00,47.505313,-122.19965,,small
2017-04-17 13:34:00,33.3191592,75.19329838,,small
2017-05-10 13:28:00,42.56345357,74.48467921,,medium
2017-02-09 20:58:00,45.58963702,-122.8232586,,small
2016-11-27 13:59:00,34.896813,-118.921159,,small
2017-07-12 13:17:00,25.00832371,109.3447288,,medium
2017-04-19 17:55:00,15.2875681,73.97726045,,small
2017-02-16 20:30:00,45.34580587,-122.5899302,,small
2017-03-24 14:10:00,47.959627,-122.248738,,small
2017-04-27 13:17:00,50.95048157,-119.1263032,,medium
2017-04-14 13:34:00,48.75324647,-118.1354978,,small
2017-03-13 19:15:00,45.708725,-122.721614,,small
2017-03-09 16:30:00,50.199554,-5.469516,,small
2016-11-27 05:00:00,9.789939,125.485592,,small
2016-11-11 15:00:00,-37.839925,177.595887,,small
2017-02-08 15:28:00,47.43593125,-122.4658786,,small
2017-02-09 20:15:00,47.477798,-122.362716,,small
2017-04-09 13:34:00,40.8319699,73.53346121,,small
2017-03-16 15:47:00,47.143517,-122.108017,,small
2016-12-16 14:35:00,34.379152,-118.402419,,small
2017-02-05 21:32:00,45.51598796,-122.3614243,,small
2017-07-09 14:21:00,29.48397512,81.03043256,,large
2017-01-19 21:23:00,47.52013049,-122.387218,,medium
2017-01-11 19:05:00,34.10541985,-118.368392,,small
2017-04-07 13:19:00,25.77171292,93.93507183,,small
2017-04-07 13:19:00,34.40393623,74.26149296,,small
2017-07-02 13:16:00,25.0097541,111.8176623,,medium
2017-04-28 13:17:00,45.61894112,-123.4177916,,small
2017-03-10 17:22:00,-6.987102,107.460851,,unknown
2017-07-03 14:21:00,39.02187712,70.36502778,,medium
2016-12-01 15:24:00,3.423928,-76.553491,,large
2017-03-14 19:15:00,47.68415,-117.104534,,small
2017-01-04 19:12:00,39.99062776,-120.9446006,,small
2017-02-25 21:39:00,41.58207707,42.00481323,,medium
2017-06-19 14:21:00,24.33197035,91.8008536,,small
2016-12-16 14:35:00,41.357397,-124.074714,,small
2017-04-07 13:19:00,36.22480107,-81.52494138,,small
2017-05-10 13:28:00,50.73336291,-1.646321046,,medium
2017-01-26 14:49:00,33.24788762,75.21401709,,medium
2017-04-10 20:44:00,3.016558705,101.7626998,,small
2017-03-18 20:58:00,46.086845,-115.513358,,small
2017-07-03 14:21:00,39.11723618,68.48382541,,medium
2017-01-26 14:49:00,33.36011691,75.17291044,,unknown
2017-05-11 13:28:00,50.56605251,-2.440058016,,small
2017-01-20 16:04:00,34.39411841,-118.4148235,,medium
2017-02-07 20:58:00,37.81789885,-120.2851853,,small
2017-02-27 20:52:00,33.25383574,-117.1540032,,small
2017-06-18 14:21:00,22.84756674,91.95656252,,small
2017-02-21 17:34:00,32.00653439,78.56989163,,small
2016-10-26 14:24:00,6.358246,-75.499849,,very_large
2017-06-19 13:16:00,39.69781129,72.98138424,,medium
2017-02-11 19:05:00,40.37960204,-111.5534648,,medium
2017-02-16 19:34:00,34.09901731,-116.9345475,,medium
2017-04-17 17:47:00,-6.47659174,107.6281603,,small
2017-04-11 19:04:00,10.41208679,123.8705795,,small
2017-04-10 13:34:00,55.89336154,-4.273323013,,small
2017-04-06 13:19:00,36.21630141,73.29837013,,small
2017-05-05 20:27:00,51.2298989,-118.9893377,,small
2017-01-27 21:54:00,5.586158712,101.4730959,,small
2017-04-09 13:34:00,46.03154457,-122.6604082,,small
2017-01-05 19:12:00,44.62725474,-123.9675087,,medium
2016-11-19 15:00:00,37.750375,-85.667209,,small
2017-05-08 13:28:00,9.961405755,-84.16638637,,small
2016-09-18 14:24:00,28.219177,83.686001,,medium
2017-03-26 17:32:00,48.883075,-118.600077,,small
2017-03-29 13:40:00,47.9696408,-122.3510792,,small
2017-04-22 17:55:00,-41.10366565,175.2949249,,small
2016-12-14 13:59:00,11.339839,76.841106,,medium
2017-04-06 13:19:00,49.32862395,-116.6980808,,small
2016-12-14 14:22:00,10.342048,123.861028,,small
2016-11-11 14:00:00,-22.527652,-43.212778,,medium
2016-12-14 14:22:00,40.621303,-124.210692,,medium
2017-02-17 17:55:00,34.58431055,-119.2622286,,medium
2017-02-17 21:37:00,34.11457289,-118.8043161,,small
2017-04-30 13:22:00,46.39692045,-122.7979191,,medium
2017-05-15 14:05:00,15.41602484,75.61670443,,medium
2017-02-24 20:30:00,37.67124551,-112.1110734,,small
2017-02-27 20:30:00,32.996781,-116.958162,,small
2017-02-18 17:46:00,49.088067,-122.006847,,medium
2016-11-30 13:59:00,35.724823,-83.491624,,small
2016-12-05 15:00:00,40.00918,-121.246364,,small
2017-04-25 17:58:00,33.17191499,75.81074366,,medium
2017-03-08 16:30:00,47.93109,-122.308982,,small
2017-04-13 13:34:00,36.03370811,-81.70315802,,small
2017-05-08 13:28:00,38.4919474,-90.43483478,,small
2017-03-16 16:46:00,47.229291,-122.255001,,small
2017-03-15 14:10:00,45.567376,-122.812342,,small
2017-05-05 13:22:00,33.32217847,75.19281971,,small
2017-02-07 16:23:00,40.01740913,-121.0966666,,medium
2017-05-06 13:28:00,50.81095228,-119.1322952,,medium
2017-03-18 14:24:00,49.806065,-116.903232,,small
2017-02-16 22:29:00,47.88404344,-122.3316061,,small
2017-04-03 13:19:00,-6.342327734,106.814421,,small
2017-01-07 16:07:00,36.4942495,-118.8237671,,small
2017-02-27 19:45:00,33.07879925,-116.589966,,small
2017-01-30 19:27:00,34.10195138,-118.3671332,,medium
2017-04-12 13:34:00,45.96399959,-72.67766252,,small
2017-04-05 13:19:00,-36.84933303,174.8388783,,small
2016-10-26 14:24:00,-7.542442,110.446035,,large
2017-02-08 20:58:00,38.07949145,-83.42376912,,small
2017-03-15 14:10:00,45.54421,-122.763103,,small
2016-11-21 15:00:00,34.866733,-111.766985,,small
2016-12-20 14:02:00,45.415317,-122.790937,,small
2017-03-23 14:10:00,41.05829529,-124.1431653,,small
2016-11-27 13:59:00,3.366921,101.613538,,large
2017-07-08 14:21:00,27.16009861,91.6036289,,small
2017-04-21 17:55:00,29.16952271,81.57140363,,medium
2017-04-13 13:34:00,16.23854416,120.5171849,,medium
2017-01-09 14:48:00,51.61644433,-1.244926178,,small
2016-09-21 14:24:00,38.73273,48.644237,,small
2017-09-10 17:48:00,28.84665,112.36962,,medium
2017-04-30 13:17:00,40.07737495,73.53103277,,medium
2017-01-12 18:34:00,37.25473337,-112.9614691,,small
2017-04-30 13:17:00,41.25496138,72.43809882,,medium
2017-03-27 14:24:00,48.62466012,-118.0724637,,small
2017-04-07 13:34:00,48.26414063,-121.8777699,,small
2017-04-18 17:47:00,49.91772889,-116.9388675,,medium
2016-10-25 14:24:00,-2.201157,102.104093,,large
2017-02-16 22:29:00,47.468181,-122.156092,,small
2017-03-18 15:55:00,49.781844,-121.44554,,small
2016-12-06 14:22:00,-7.430433,110.297247,,large
2017-02-24 20:30:00,45.35591761,-122.5849051,,small
2016-12-25 16:02:00,33.20013525,-117.3569946,,medium
2017-03-01 21:51:00,51.7579283,-3.795446854,,small
2017-02-16 16:26:00,47.709553,-121.981233,,small
2017-03-28 20:50:00,45.5234247,-122.7095383,,small
2017-06-23 13:16:00,34.17504678,73.75421332,,medium
2016-12-16 14:35:00,-17.861049,178.536335,,medium
2017-04-17 04:00:00,40.80437884,73.60473221,,medium
2017-02-28 16:25:00,33.08260792,-116.9199524,,medium
2016-11-01 14:24:00,47.290915,-122.409942,,small
2017-06-21 13:16:00,42.95491382,44.21141438,,small
2017-03-23 16:36:00,47.44916502,-116.7776802,,small
2017-04-01 13:34:00,-7.853409423,111.6799444,,medium
